month,product_id,brand,category_l1,category_l2,price_tier,avg_price,total_views,total_carts,total_purchases,cart_rate,conversion_rate,recommendation
November,1701356,asus,computers,peripherals,premium,445.72,30.0,0.0,6.0,0.0,20.0,Hidden Gem - Promote Higher
November,50200015,unknown,unknown,unknown,budget,44.55,20.0,2.0,4.0,10.0,20.0,Hidden Gem - Promote Higher
November,12712794,bridgestone,unknown,unknown,premium,393.29,38.0,6.0,6.0,15.79,15.79,Hidden Gem - Promote Higher
November,3300532,polaris,unknown,unknown,mid,99.67,40.0,13.0,6.0,32.5,15.0,Hidden Gem - Promote Higher
November,28718991,baden,apparel,shoes,mid,86.23,27.0,2.0,4.0,7.41,14.81,Hidden Gem - Promote Higher
November,15201141,unknown,unknown,unknown,budget,39.6,36.0,7.0,5.0,19.44,13.89,Hidden Gem - Promote Higher
November,26017876,unknown,unknown,unknown,budget,7.36,29.0,2.0,4.0,6.9,13.79,Hidden Gem - Promote Higher
November,12703201,cordiant,unknown,unknown,mid,88.81,29.0,1.0,4.0,3.45,13.79,Hidden Gem - Promote Higher
November,1004796,xiaomi,electronics,smartphone,premium,231.41,22.0,0.0,3.0,0.0,13.64,Hidden Gem - Promote Higher
November,17300065,unknown,unknown,unknown,budget,53.71,22.0,4.0,3.0,18.18,13.64,Hidden Gem - Promote Higher
November,9101142,rapoo,computers,peripherals,budget,22.77,22.0,8.0,3.0,36.36,13.64,Hidden Gem - Promote Higher
November,5100824,jet,unknown,unknown,budget,28.29,23.0,2.0,3.0,8.7,13.04,Hidden Gem - Promote Higher
November,28721048,cover,apparel,shoes,mid,127.42,23.0,3.0,3.0,13.04,13.04,Hidden Gem - Promote Higher
November,12701657,matador,unknown,unknown,mid,82.37,23.0,1.0,3.0,4.35,13.04,Hidden Gem - Promote Higher
November,6600463,geil,computers,components,mid,80.9,23.0,1.0,3.0,4.35,13.04,Hidden Gem - Promote Higher
November,5000751,brother,appliances,sewing_machine,premium,205.83,31.0,5.0,4.0,16.13,12.9,Hidden Gem - Promote Higher
November,11200532,scarlett,appliances,personal,budget,10.85,31.0,2.0,4.0,6.45,12.9,Hidden Gem - Promote Higher
November,12711557,triangle,unknown,unknown,budget,45.36,40.0,4.0,5.0,10.0,12.5,Hidden Gem - Promote Higher
November,16700764,unknown,furniture,kitchen,mid,77.19,40.0,6.0,5.0,15.0,12.5,Hidden Gem - Promote Higher
November,5800040,pioneer,electronics,audio,mid,94.87,32.0,2.0,4.0,6.25,12.5,Hidden Gem - Promote Higher
November,5300920,rowenta,unknown,unknown,mid,65.88,24.0,2.0,3.0,8.33,12.5,Hidden Gem - Promote Higher
November,12712145,unknown,unknown,unknown,budget,43.92,24.0,1.0,3.0,4.17,12.5,Hidden Gem - Promote Higher
November,16200119,moony,kids,fmcg,budget,16.85,24.0,2.0,3.0,8.33,12.5,Hidden Gem - Promote Higher
November,9100752,hp,computers,peripherals,budget,13.74,33.0,3.0,4.0,9.09,12.12,Hidden Gem - Promote Higher
November,12704965,viatti,unknown,unknown,mid,97.69,25.0,6.0,3.0,24.0,12.0,Hidden Gem - Promote Higher
November,12704777,nokian,unknown,unknown,mid,121.19,25.0,4.0,3.0,16.0,12.0,Hidden Gem - Promote Higher
November,12711591,triangle,unknown,unknown,mid,56.63,26.0,0.0,3.0,0.0,11.54,Hidden Gem - Promote Higher
November,14100505,rockdale,electronics,audio,mid,108.11,35.0,1.0,4.0,2.86,11.43,Hidden Gem - Promote Higher
November,12711622,yokohama,unknown,unknown,mid,68.4,35.0,2.0,4.0,5.71,11.43,Hidden Gem - Promote Higher
November,15200507,bars,unknown,unknown,mid,72.07,27.0,0.0,3.0,0.0,11.11,Hidden Gem - Promote Higher
November,18300588,sumdex,accessories,bag,budget,20.6,27.0,1.0,3.0,3.7,11.11,Hidden Gem - Promote Higher
November,7900250,unknown,furniture,kitchen,budget,23.14,27.0,1.0,3.0,3.7,11.11,Hidden Gem - Promote Higher
November,17301426,unknown,unknown,unknown,mid,68.28,37.0,4.0,4.0,10.81,10.81,Hidden Gem - Promote Higher
November,13400099,unknown,unknown,unknown,mid,180.18,56.0,2.0,6.0,3.57,10.71,Hidden Gem - Promote Higher
November,12700703,matador,unknown,unknown,mid,73.88,56.0,7.0,6.0,12.5,10.71,Hidden Gem - Promote Higher
November,28718938,nexpero,apparel,shoes,mid,82.63,28.0,4.0,3.0,14.29,10.71,Hidden Gem - Promote Higher
November,17300948,unknown,unknown,unknown,budget,24.5,28.0,1.0,3.0,3.57,10.71,Hidden Gem - Promote Higher
November,12705713,roadstone,unknown,unknown,budget,43.77,38.0,3.0,4.0,7.89,10.53,Hidden Gem - Promote Higher
November,12720102,roadx,unknown,unknown,mid,46.55,38.0,1.0,4.0,2.63,10.53,Hidden Gem - Promote Higher
November,6301499,philips,appliances,kitchen,mid,55.47,29.0,2.0,3.0,6.9,10.34,Hidden Gem - Promote Higher
November,2601833,scarlett,unknown,unknown,budget,29.09,29.0,0.0,3.0,0.0,10.34,Hidden Gem - Promote Higher
November,24400164,unknown,unknown,unknown,budget,2.58,29.0,2.0,3.0,6.9,10.34,Hidden Gem - Promote Higher
November,17601223,unknown,unknown,unknown,mid,75.16,29.0,0.0,3.0,0.0,10.34,Hidden Gem - Promote Higher
November,12718546,triangle,unknown,unknown,mid,85.58,29.0,10.0,3.0,34.48,10.34,Hidden Gem - Promote Higher
November,29501428,unknown,unknown,unknown,budget,28.41,29.0,2.0,3.0,6.9,10.34,Hidden Gem - Promote Higher
November,10201171,llorens,kids,dolls,mid,48.44,29.0,2.0,3.0,6.9,10.34,Hidden Gem - Promote Higher
November,4802986,samsung,electronics,audio,budget,51.61,39.0,0.0,4.0,0.0,10.26,Hidden Gem - Promote Higher
November,2900339,midea,appliances,kitchen,budget,77.92,41.0,2.0,4.0,4.88,9.76,Hidden Gem - Promote Higher
November,12708752,nokian,unknown,unknown,mid,197.79,41.0,7.0,4.0,17.07,9.76,Hidden Gem - Promote Higher
November,21411995,casio,electronics,clocks,premium,254.83,31.0,1.0,3.0,3.23,9.68,Hidden Gem - Promote Higher
November,13300422,unknown,unknown,unknown,premium,267.16,42.0,2.0,4.0,4.76,9.52,Hidden Gem - Promote Higher
November,26400514,unknown,unknown,unknown,premium,318.67,42.0,1.0,4.0,2.38,9.52,Hidden Gem - Promote Higher
November,12709545,goodyear,unknown,unknown,mid,114.55,32.0,8.0,3.0,25.0,9.38,Hidden Gem - Promote Higher
November,17300478,guerlain,unknown,unknown,mid,73.26,32.0,1.0,3.0,3.13,9.38,Hidden Gem - Promote Higher
November,5000336,janome,appliances,sewing_machine,premium,231.64,32.0,2.0,3.0,6.25,9.38,Hidden Gem - Promote Higher
November,60300005,riche,unknown,unknown,budget,28.31,32.0,2.0,3.0,6.25,9.38,Hidden Gem - Promote Higher
November,12719937,achilles,unknown,unknown,mid,89.84,32.0,6.0,3.0,18.75,9.38,Hidden Gem - Promote Higher
November,17301688,unknown,unknown,unknown,mid,65.16,32.0,1.0,3.0,3.13,9.38,Hidden Gem - Promote Higher
November,9700217,gigabyte,computers,components,mid,72.08,44.0,2.0,4.0,4.55,9.09,Hidden Gem - Promote Higher
November,12719671,comforser,unknown,unknown,mid,52.77,44.0,2.0,4.0,4.55,9.09,Hidden Gem - Promote Higher
November,22500006,holder,unknown,unknown,budget,28.29,33.0,2.0,3.0,6.06,9.09,Hidden Gem - Promote Higher
November,22400086,dagee,electronics,audio,budget,2.93,33.0,2.0,3.0,6.06,9.09,Hidden Gem - Promote Higher
November,13903083,calorie,construction,components,budget,33.39,33.0,1.0,3.0,3.03,9.09,Hidden Gem - Promote Higher
November,15201070,bars,unknown,unknown,budget,40.92,111.0,19.0,10.0,17.12,9.01,Hidden Gem - Promote Higher
November,12710993,powertrac,unknown,unknown,budget,37.88,56.0,10.0,5.0,17.86,8.93,Hidden Gem - Promote Higher
November,22400026,ritmix,electronics,audio,budget,2.58,45.0,1.0,4.0,2.22,8.89,Hidden Gem - Promote Higher
November,12718737,yokohama,unknown,unknown,mid,131.14,45.0,6.0,4.0,13.33,8.89,Hidden Gem - Promote Higher
November,6200702,unknown,appliances,environment,mid,51.13,34.0,2.0,3.0,5.88,8.82,Hidden Gem - Promote Higher
November,12700938,nokian,unknown,unknown,mid,102.96,34.0,4.0,3.0,11.76,8.82,Hidden Gem - Promote Higher
November,18500033,wacom,electronics,tablet,luxury,1287.01,34.0,1.0,3.0,2.94,8.82,Hidden Gem - Promote Higher
November,12707451,unknown,unknown,unknown,premium,331.28,34.0,1.0,3.0,2.94,8.82,Hidden Gem - Promote Higher
November,12720466,comforser,unknown,unknown,mid,48.85,57.0,3.0,5.0,5.26,8.77,Hidden Gem - Promote Higher
November,12718506,triangle,unknown,unknown,budget,42.47,59.0,0.0,5.0,0.0,8.47,Hidden Gem - Promote Higher
November,12707145,cordiant,unknown,unknown,mid,53.54,48.0,6.0,4.0,12.5,8.33,Hidden Gem - Promote Higher
November,11200399,omron,appliances,personal,budget,21.45,36.0,6.0,3.0,16.67,8.33,Hidden Gem - Promote Higher
November,17303027,unknown,unknown,unknown,mid,94.18,36.0,4.0,3.0,11.11,8.33,Hidden Gem - Promote Higher
November,6200965,elenberg,appliances,environment,budget,47.21,36.0,1.0,3.0,2.78,8.33,Hidden Gem - Promote Higher
November,12710869,triangle,unknown,unknown,budget,48.24,37.0,0.0,3.0,0.0,8.11,Hidden Gem - Promote Higher
November,12715009,sailun,unknown,unknown,mid,80.05,37.0,4.0,3.0,10.81,8.11,Hidden Gem - Promote Higher
November,12705698,viatti,unknown,unknown,mid,61.01,62.0,5.0,5.0,8.06,8.06,Hidden Gem - Promote Higher
November,6701099,gigabyte,computers,components,premium,250.49,63.0,7.0,5.0,11.11,7.94,Hidden Gem - Promote Higher
November,13000031,sony,unknown,unknown,mid,67.78,38.0,2.0,3.0,5.26,7.89,Hidden Gem - Promote Higher
November,5301477,vitek,unknown,unknown,budget,23.09,51.0,4.0,4.0,7.84,7.84,Hidden Gem - Promote Higher
November,27700660,unknown,construction,tools,mid,99.14,77.0,7.0,6.0,9.09,7.79,Hidden Gem - Promote Higher
November,8700038,philips,appliances,personal,budget,26.21,65.0,2.0,5.0,3.08,7.69,Hidden Gem - Promote Higher
November,15200869,bars,unknown,unknown,mid,59.97,65.0,11.0,5.0,16.92,7.69,Hidden Gem - Promote Higher
November,12720492,sunwide,unknown,unknown,mid,57.41,65.0,2.0,5.0,3.08,7.69,Hidden Gem - Promote Higher
November,1005089,tecno,electronics,smartphone,mid,66.33,39.0,1.0,3.0,2.56,7.69,Hidden Gem - Promote Higher
November,6600305,unknown,computers,components,budget,35.87,39.0,3.0,3.0,7.69,7.69,Hidden Gem - Promote Higher
November,45300017,unknown,kids,swing,premium,322.58,39.0,0.0,3.0,0.0,7.69,Hidden Gem - Promote Higher
November,12705524,viatti,unknown,unknown,budget,47.75,39.0,3.0,3.0,7.69,7.69,Hidden Gem - Promote Higher
November,6501014,asrock,computers,components,mid,89.18,39.0,2.0,3.0,5.13,7.69,Hidden Gem - Promote Higher
November,18000728,a-case,unknown,unknown,budget,4.09,53.0,1.0,4.0,1.89,7.55,Hidden Gem - Promote Higher
November,12708575,matador,unknown,unknown,budget,35.75,40.0,5.0,3.0,12.5,7.5,Hidden Gem - Promote Higher
November,12719628,kapsen,unknown,unknown,budget,41.96,40.0,2.0,3.0,5.0,7.5,Hidden Gem - Promote Higher
November,12712961,aplus,unknown,unknown,budget,40.05,67.0,15.0,5.0,22.39,7.46,Hidden Gem - Promote Higher
November,12705541,unknown,unknown,unknown,budget,40.28,122.0,23.0,9.0,18.85,7.38,Hidden Gem - Promote Higher
November,12702053,goodride,unknown,unknown,budget,49.67,109.0,17.0,8.0,15.6,7.34,Hidden Gem - Promote Higher
November,12703569,tigar,unknown,unknown,mid,91.31,41.0,4.0,3.0,9.76,7.32,Hidden Gem - Promote Higher
November,3801315,braun,appliances,iron,premium,334.43,41.0,2.0,3.0,4.88,7.32,Hidden Gem - Promote Higher
November,12711578,triangle,unknown,unknown,mid,85.04,41.0,1.0,3.0,2.44,7.32,Hidden Gem - Promote Higher
November,26001044,unknown,unknown,unknown,budget,9.26,41.0,3.0,3.0,7.32,7.32,Hidden Gem - Promote Higher
November,12706781,nokian,unknown,unknown,mid,107.87,41.0,3.0,3.0,7.32,7.32,Hidden Gem - Promote Higher
November,12702269,maxxis,unknown,unknown,mid,75.94,41.0,0.0,3.0,0.0,7.32,Hidden Gem - Promote Higher
November,17302678,montale,unknown,unknown,budget,12.49,41.0,4.0,3.0,9.76,7.32,Hidden Gem - Promote Higher
November,3900225,unknown,appliances,environment,mid,94.37,83.0,6.0,6.0,7.23,7.23,Hidden Gem - Promote Higher
November,12700702,matador,unknown,unknown,mid,69.76,42.0,3.0,3.0,7.14,7.14,Hidden Gem - Promote Higher
November,6200910,unknown,appliances,environment,mid,86.21,42.0,3.0,3.0,7.14,7.14,Hidden Gem - Promote Higher
November,4201541,artel,appliances,environment,luxury,899.77,186.0,20.0,13.0,10.75,6.99,Hidden Gem - Promote Higher
November,100000243,roadmarch,unknown,unknown,budget,32.67,43.0,9.0,3.0,20.93,6.98,Hidden Gem - Promote Higher
November,53300022,rodi,unknown,unknown,budget,40.29,43.0,3.0,3.0,6.98,6.98,Hidden Gem - Promote Higher
November,26203364,unknown,unknown,unknown,premium,285.98,43.0,6.0,3.0,13.95,6.98,Hidden Gem - Promote Higher
November,4803982,huawei,electronics,audio,budget,41.87,58.0,6.0,4.0,10.34,6.9,Hidden Gem - Promote Higher
November,9101156,defender,computers,peripherals,budget,5.93,44.0,4.0,3.0,9.09,6.82,Hidden Gem - Promote Higher
November,17300358,shaik,unknown,unknown,premium,262.41,44.0,1.0,3.0,2.27,6.82,Hidden Gem - Promote Higher
November,23000075,mobil,unknown,unknown,budget,24.37,44.0,5.0,3.0,11.36,6.82,Hidden Gem - Promote Higher
November,12703038,cordiant,unknown,unknown,budget,46.08,59.0,14.0,4.0,23.73,6.78,Hidden Gem - Promote Higher
November,17301769,prada,unknown,unknown,mid,75.01,59.0,6.0,4.0,10.17,6.78,Hidden Gem - Promote Higher
November,22400163,kingston,electronics,audio,mid,139.58,74.0,5.0,5.0,6.76,6.76,Hidden Gem - Promote Higher
November,13000021,sony,unknown,unknown,mid,64.96,74.0,7.0,5.0,9.46,6.76,Hidden Gem - Promote Higher
November,1005241,tecno,electronics,smartphone,mid,113.81,60.0,3.0,4.0,5.0,6.67,Hidden Gem - Promote Higher
November,12705237,viatti,unknown,unknown,mid,69.24,60.0,3.0,4.0,5.0,6.67,Hidden Gem - Promote Higher
November,12703033,cordiant,unknown,unknown,budget,40.79,45.0,6.0,3.0,13.33,6.67,Hidden Gem - Promote Higher
November,13300266,unknown,unknown,unknown,mid,84.19,45.0,2.0,3.0,4.44,6.67,Hidden Gem - Promote Higher
November,26202894,unknown,unknown,unknown,mid,166.54,61.0,2.0,4.0,3.28,6.56,Hidden Gem - Promote Higher
November,12700978,nokian,unknown,unknown,mid,71.91,61.0,5.0,4.0,8.2,6.56,Hidden Gem - Promote Higher
November,25200103,deluxe,unknown,unknown,budget,11.94,46.0,4.0,3.0,8.7,6.52,Hidden Gem - Promote Higher
November,12704611,nokian,unknown,unknown,mid,92.04,46.0,11.0,3.0,23.91,6.52,Hidden Gem - Promote Higher
November,12703502,cordiant,unknown,unknown,budget,37.57,77.0,20.0,5.0,25.97,6.49,Hidden Gem - Promote Higher
November,16500015,unknown,unknown,unknown,budget,45.03,62.0,2.0,4.0,3.23,6.45,Hidden Gem - Promote Higher
November,6801076,apacer,computers,components,budget,32.91,172.0,12.0,11.0,6.98,6.4,Hidden Gem - Promote Higher
November,9101355,defender,computers,peripherals,budget,5.03,94.0,6.0,6.0,6.38,6.38,Hidden Gem - Promote Higher
November,4800900,unknown,electronics,audio,budget,8.28,47.0,0.0,3.0,0.0,6.38,Hidden Gem - Promote Higher
November,5801698,kicx,electronics,audio,budget,30.63,47.0,3.0,3.0,6.38,6.38,Hidden Gem - Promote Higher
November,10502662,unknown,unknown,unknown,mid,54.0,47.0,2.0,3.0,4.26,6.38,Hidden Gem - Promote Higher
November,28721799,nike,apparel,shoes,mid,102.71,47.0,0.0,3.0,0.0,6.38,Hidden Gem - Promote Higher
November,12700973,nokian,unknown,unknown,mid,51.68,47.0,11.0,3.0,23.4,6.38,Hidden Gem - Promote Higher
November,12702135,unknown,unknown,unknown,mid,109.85,47.0,1.0,3.0,2.13,6.38,Hidden Gem - Promote Higher
November,5300300,elenberg,unknown,unknown,budget,8.54,47.0,9.0,3.0,19.15,6.38,Hidden Gem - Promote Higher
November,12707090,viatti,unknown,unknown,mid,76.71,47.0,7.0,3.0,14.89,6.38,Hidden Gem - Promote Higher
November,12716717,kapsen,unknown,unknown,mid,54.83,47.0,3.0,3.0,6.38,6.38,Hidden Gem - Promote Higher
November,17302417,unknown,unknown,unknown,mid,64.76,47.0,2.0,3.0,4.26,6.38,Hidden Gem - Promote Higher
November,12700704,matador,unknown,unknown,mid,80.57,63.0,5.0,4.0,7.94,6.35,Hidden Gem - Promote Higher
November,12703376,cordiant,unknown,unknown,mid,61.15,79.0,7.0,5.0,8.86,6.33,Hidden Gem - Promote Higher
November,12703485,cordiant,unknown,unknown,mid,51.22,127.0,10.0,8.0,7.87,6.3,Hidden Gem - Promote Higher
November,1005208,apple,electronics,smartphone,premium,393.43,112.0,5.0,7.0,4.46,6.25,Hidden Gem - Promote Higher
November,6300361,elenberg,appliances,kitchen,budget,16.71,96.0,11.0,6.0,11.46,6.25,Hidden Gem - Promote Higher
November,12700930,nokian,unknown,unknown,mid,56.86,80.0,8.0,5.0,10.0,6.25,Hidden Gem - Promote Higher
November,4100341,sony,unknown,unknown,premium,442.8,80.0,5.0,5.0,6.25,6.25,Hidden Gem - Promote Higher
November,12710257,yokohama,unknown,unknown,mid,110.68,48.0,5.0,3.0,10.42,6.25,Hidden Gem - Promote Higher
November,25800020,omron,medicine,tools,mid,90.83,48.0,4.0,3.0,8.33,6.25,Hidden Gem - Promote Higher
November,29100102,casada,appliances,personal,luxury,669.26,81.0,8.0,5.0,9.88,6.17,Hidden Gem - Promote Higher
November,12700474,bridgestone,unknown,unknown,mid,87.52,65.0,11.0,4.0,16.92,6.15,Hidden Gem - Promote Higher
November,6701117,powercolor,computers,components,premium,226.01,49.0,4.0,3.0,8.16,6.12,Hidden Gem - Promote Higher
November,14400026,hoco,unknown,unknown,budget,12.84,49.0,2.0,3.0,4.08,6.12,Hidden Gem - Promote Higher
November,12718592,triangle,unknown,unknown,budget,43.49,49.0,8.0,3.0,16.33,6.12,Hidden Gem - Promote Higher
November,12703629,cordiant,unknown,unknown,mid,86.19,66.0,8.0,4.0,12.12,6.06,Hidden Gem - Promote Higher
November,1005262,tp-link,electronics,smartphone,mid,159.33,182.0,18.0,11.0,9.89,6.04,Hidden Gem - Promote Higher
November,12700947,nokian,unknown,unknown,mid,129.3,133.0,23.0,8.0,17.29,6.02,Hidden Gem - Promote Higher
November,12703014,cordiant,unknown,unknown,budget,40.21,150.0,0.0,9.0,0.0,6.0,Hidden Gem - Promote Higher
November,26006709,unknown,unknown,unknown,budget,6.66,50.0,4.0,3.0,8.0,6.0,Hidden Gem - Promote Higher
November,4500330,electrolux,appliances,kitchen,premium,281.94,50.0,2.0,3.0,4.0,6.0,Hidden Gem - Promote Higher
November,12719482,firestone,unknown,unknown,premium,346.58,50.0,9.0,3.0,18.0,6.0,Hidden Gem - Promote Higher
November,12701611,matador,unknown,unknown,budget,45.56,50.0,9.0,3.0,18.0,6.0,Hidden Gem - Promote Higher
November,3601635,arg,appliances,kitchen,mid,133.6,67.0,6.0,4.0,8.96,5.97,Hidden Gem - Promote Higher
November,15200224,akom,unknown,unknown,mid,82.57,67.0,6.0,4.0,8.96,5.97,Hidden Gem - Promote Higher
November,15200894,bars,unknown,unknown,mid,51.48,118.0,14.0,7.0,11.86,5.93,Hidden Gem - Promote Higher
November,12700948,nokian,unknown,unknown,mid,125.65,102.0,14.0,6.0,13.73,5.88,Hidden Gem - Promote Higher
November,3200281,moulinex,appliances,kitchen,mid,119.25,68.0,4.0,4.0,5.88,5.88,Hidden Gem - Promote Higher
November,16100115,berghoff,unknown,unknown,mid,105.77,68.0,3.0,4.0,4.41,5.88,Hidden Gem - Promote Higher
November,17301569,unknown,unknown,unknown,mid,98.54,51.0,7.0,3.0,13.73,5.88,Hidden Gem - Promote Higher
November,60600001,omron,unknown,unknown,budget,47.29,51.0,2.0,3.0,3.92,5.88,Hidden Gem - Promote Higher
November,12714701,powertrac,unknown,unknown,mid,52.68,51.0,2.0,3.0,3.92,5.88,Hidden Gem - Promote Higher
November,12712948,ovation,unknown,unknown,mid,57.78,51.0,2.0,3.0,3.92,5.88,Hidden Gem - Promote Higher
November,12705523,viatti,unknown,unknown,budget,41.06,103.0,11.0,6.0,10.68,5.83,Hidden Gem - Promote Higher
November,12701289,triangle,unknown,unknown,budget,43.95,69.0,8.0,4.0,11.59,5.8,Hidden Gem - Promote Higher
November,22400036,hoco,electronics,audio,budget,25.71,104.0,6.0,6.0,5.77,5.77,Hidden Gem - Promote Higher
November,12800417,kingston,unknown,unknown,budget,5.41,52.0,6.0,3.0,11.54,5.77,Hidden Gem - Promote Higher
November,12719627,kapsen,unknown,unknown,mid,50.45,52.0,10.0,3.0,19.23,5.77,Hidden Gem - Promote Higher
November,17301442,chloe,unknown,unknown,budget,53.06,52.0,7.0,3.0,13.46,5.77,Hidden Gem - Promote Higher
November,2300249,xiaomi,electronics,camera,mid,106.02,52.0,1.0,3.0,1.92,5.77,Hidden Gem - Promote Higher
November,12711192,triangle,unknown,unknown,budget,41.51,52.0,8.0,3.0,15.38,5.77,Hidden Gem - Promote Higher
November,7900248,unknown,furniture,kitchen,budget,23.46,52.0,5.0,3.0,9.62,5.77,Hidden Gem - Promote Higher
November,15901008,rondell,unknown,unknown,budget,27.81,52.0,3.0,3.0,5.77,5.77,Hidden Gem - Promote Higher
November,28713028,baden,apparel,shoes,mid,70.79,70.0,0.0,4.0,0.0,5.71,Hidden Gem - Promote Higher
November,3601367,artel,appliances,kitchen,mid,125.5,106.0,6.0,6.0,5.66,5.66,Hidden Gem - Promote Higher
November,8800341,texet,electronics,telephone,budget,17.23,106.0,8.0,6.0,7.55,5.66,Hidden Gem - Promote Higher
November,100019271,lucente,unknown,unknown,premium,304.0,53.0,5.0,3.0,9.43,5.66,Hidden Gem - Promote Higher
November,8500102,bosch,unknown,unknown,luxury,617.02,124.0,6.0,7.0,4.84,5.65,Hidden Gem - Promote Higher
November,26012317,unknown,unknown,unknown,budget,8.06,71.0,1.0,4.0,1.41,5.63,Hidden Gem - Promote Higher
November,12700647,goodyear,unknown,unknown,mid,98.59,71.0,2.0,4.0,2.82,5.63,Hidden Gem - Promote Higher
November,12720780,joyroad,unknown,unknown,budget,33.46,72.0,7.0,4.0,9.72,5.56,Hidden Gem - Promote Higher
November,29502739,unknown,appliances,kitchen,budget,19.31,72.0,2.0,4.0,2.78,5.56,Hidden Gem - Promote Higher
November,14100630,stagg,electronics,audio,mid,96.53,72.0,6.0,4.0,8.33,5.56,Hidden Gem - Promote Higher
November,12720161,aoteli,unknown,unknown,mid,54.76,54.0,5.0,3.0,9.26,5.56,Hidden Gem - Promote Higher
November,6301501,gorenje,appliances,kitchen,mid,61.75,54.0,6.0,3.0,11.11,5.56,Hidden Gem - Promote Higher
November,6301456,elenberg,appliances,kitchen,budget,46.31,54.0,4.0,3.0,7.41,5.56,Hidden Gem - Promote Higher
November,6800869,adata,computers,components,budget,35.35,54.0,1.0,3.0,1.85,5.56,Hidden Gem - Promote Higher
November,1801966,lg,electronics,video,premium,464.44,163.0,15.0,9.0,9.2,5.52,Hidden Gem - Promote Higher
November,12700700,matador,unknown,unknown,mid,62.81,109.0,11.0,6.0,10.09,5.5,Hidden Gem - Promote Higher
November,10701054,sony,unknown,unknown,budget,40.75,182.0,26.0,10.0,14.29,5.49,Hidden Gem - Promote Higher
November,12700968,nokian,unknown,unknown,budget,48.38,146.0,15.0,8.0,10.27,5.48,Hidden Gem - Promote Higher
November,12701709,matador,unknown,unknown,mid,89.58,73.0,9.0,4.0,12.33,5.48,Hidden Gem - Promote Higher
November,9700359,deepcool,computers,components,budget,35.15,55.0,0.0,3.0,0.0,5.45,Hidden Gem - Promote Higher
November,18500017,wacom,electronics,tablet,mid,118.04,55.0,5.0,3.0,9.09,5.45,Hidden Gem - Promote Higher
November,6801074,apacer,computers,components,budget,33.05,74.0,3.0,4.0,4.05,5.41,Hidden Gem - Promote Higher
November,100017832,glasman,unknown,unknown,mid,102.61,74.0,1.0,4.0,1.35,5.41,Hidden Gem - Promote Higher
November,53300023,modern,unknown,unknown,budget,28.29,130.0,15.0,7.0,11.54,5.38,Hidden Gem - Promote Higher
November,12712500,yokohama,unknown,unknown,mid,155.58,130.0,6.0,7.0,4.62,5.38,Hidden Gem - Promote Higher
November,12702935,cordiant,unknown,unknown,mid,92.41,93.0,23.0,5.0,24.73,5.38,Hidden Gem - Promote Higher
November,26404601,unknown,unknown,unknown,mid,197.43,93.0,1.0,5.0,1.08,5.38,Hidden Gem - Promote Higher
November,2800415,xing,appliances,kitchen,premium,229.2,56.0,2.0,3.0,3.57,5.36,Hidden Gem - Promote Higher
November,1500083,epson,computers,peripherals,luxury,644.97,56.0,1.0,3.0,1.79,5.36,Hidden Gem - Promote Higher
November,3900652,ariston,appliances,environment,mid,117.43,56.0,3.0,3.0,5.36,5.36,Hidden Gem - Promote Higher
November,10301702,unknown,unknown,unknown,budget,4.61,56.0,0.0,3.0,0.0,5.36,Hidden Gem - Promote Higher
November,12712514,unknown,unknown,unknown,budget,35.96,56.0,4.0,3.0,7.14,5.36,Hidden Gem - Promote Higher
November,26003724,unknown,unknown,unknown,budget,14.2,56.0,3.0,3.0,5.36,5.36,Hidden Gem - Promote Higher
November,7900872,peg-perego,furniture,kitchen,mid,156.73,75.0,2.0,4.0,2.67,5.33,Hidden Gem - Promote Higher
November,6200358,almacom,appliances,environment,budget,43.76,75.0,6.0,4.0,8.0,5.33,Hidden Gem - Promote Higher
November,12705634,unknown,unknown,unknown,budget,40.41,75.0,9.0,4.0,12.0,5.33,Hidden Gem - Promote Higher
November,1306208,lenovo,computers,notebook,luxury,529.86,75.0,3.0,4.0,4.0,5.33,Hidden Gem - Promote Higher
November,2800668,unknown,appliances,kitchen,premium,241.07,152.0,16.0,8.0,10.53,5.26,Hidden Gem - Promote Higher
November,11100210,scarlett,appliances,personal,budget,9.35,114.0,4.0,6.0,3.51,5.26,Hidden Gem - Promote Higher
November,11500675,sven,unknown,unknown,budget,35.73,95.0,1.0,5.0,1.05,5.26,Hidden Gem - Promote Higher
November,4400319,delonghi,appliances,kitchen,premium,253.28,76.0,3.0,4.0,3.95,5.26,Hidden Gem - Promote Higher
November,33400002,fitlux,unknown,unknown,luxury,985.87,57.0,0.0,3.0,0.0,5.26,Hidden Gem - Promote Higher
November,30100006,makita,unknown,unknown,mid,72.87,57.0,2.0,3.0,3.51,5.26,Hidden Gem - Promote Higher
November,17301410,unknown,unknown,unknown,mid,105.83,57.0,2.0,3.0,3.51,5.26,Hidden Gem - Promote Higher
November,26600768,unknown,unknown,unknown,mid,153.93,57.0,1.0,3.0,1.75,5.26,Hidden Gem - Promote Higher
November,10701106,unknown,unknown,unknown,mid,68.83,57.0,7.0,3.0,12.28,5.26,Hidden Gem - Promote Higher
November,12711552,triangle,unknown,unknown,budget,32.28,135.0,0.0,7.0,0.0,5.19,Hidden Gem - Promote Higher
November,3200538,gorenje,appliances,kitchen,mid,106.54,77.0,4.0,4.0,5.19,5.19,Hidden Gem - Promote Higher
November,12706852,bridgestone,unknown,unknown,mid,58.69,77.0,8.0,4.0,10.39,5.19,Hidden Gem - Promote Higher
November,4804536,ritmix,electronics,audio,budget,0.88,77.0,1.0,4.0,1.3,5.19,Hidden Gem - Promote Higher
November,26400532,unknown,unknown,unknown,mid,115.06,77.0,4.0,4.0,5.19,5.19,Hidden Gem - Promote Higher
November,16500012,unknown,unknown,unknown,budget,37.95,174.0,21.0,9.0,12.07,5.17,Hidden Gem - Promote Higher
November,8800969,fly,electronics,telephone,budget,9.76,58.0,6.0,3.0,10.34,5.17,Hidden Gem - Promote Higher
November,5301208,polaris,unknown,unknown,budget,13.87,58.0,1.0,3.0,1.72,5.17,Hidden Gem - Promote Higher
November,15201222,varta,unknown,unknown,mid,89.93,58.0,3.0,3.0,5.17,5.17,Hidden Gem - Promote Higher
November,12712688,bridgestone,unknown,unknown,mid,61.78,58.0,6.0,3.0,10.34,5.17,Hidden Gem - Promote Higher
November,17302706,montale,unknown,unknown,budget,21.56,58.0,8.0,3.0,13.79,5.17,Hidden Gem - Promote Higher
November,12707120,bfgoodrich,unknown,unknown,mid,52.12,58.0,7.0,3.0,12.07,5.17,Hidden Gem - Promote Higher
November,11200451,huawei,appliances,personal,budget,29.95,194.0,17.0,10.0,8.76,5.15,Hidden Gem - Promote Higher
November,12707478,triangle,unknown,unknown,budget,48.36,97.0,4.0,5.0,4.12,5.15,Hidden Gem - Promote Higher
November,12718603,triangle,unknown,unknown,mid,51.23,117.0,8.0,6.0,6.84,5.13,Hidden Gem - Promote Higher
November,4200545,elenberg,appliances,environment,premium,436.34,117.0,5.0,6.0,4.27,5.13,Hidden Gem - Promote Higher
November,26400967,unknown,unknown,unknown,mid,171.43,78.0,5.0,4.0,6.41,5.13,Hidden Gem - Promote Higher
November,17302288,unknown,unknown,unknown,mid,64.79,78.0,2.0,4.0,2.56,5.13,Hidden Gem - Promote Higher
November,5301400,elenberg,unknown,unknown,budget,17.99,78.0,7.0,4.0,8.97,5.13,Hidden Gem - Promote Higher
November,12704490,cordiant,unknown,unknown,budget,38.08,98.0,23.0,5.0,23.47,5.1,Hidden Gem - Promote Higher
November,12705578,unknown,unknown,unknown,mid,57.33,59.0,9.0,3.0,15.25,5.08,Hidden Gem - Promote Higher
November,13300410,unknown,unknown,unknown,mid,106.05,59.0,1.0,3.0,1.69,5.08,Hidden Gem - Promote Higher
November,12500508,unknown,unknown,unknown,budget,37.02,59.0,10.0,3.0,16.95,5.08,Hidden Gem - Promote Higher
November,22400153,trust,electronics,audio,mid,64.09,59.0,2.0,3.0,3.39,5.08,Hidden Gem - Promote Higher
November,11200469,elenberg,appliances,personal,budget,14.13,138.0,9.0,7.0,6.52,5.07,Hidden Gem - Promote Higher
November,12711188,powertrac,unknown,unknown,mid,51.47,79.0,6.0,4.0,7.59,5.06,Hidden Gem - Promote Higher
November,1004553,inoi,electronics,smartphone,mid,61.31,79.0,4.0,4.0,5.06,5.06,Hidden Gem - Promote Higher
November,17301904,dior,unknown,unknown,mid,126.31,119.0,8.0,6.0,6.72,5.04,Hidden Gem - Promote Higher
November,100002039,samga,unknown,unknown,budget,13.13,80.0,6.0,4.0,7.5,5.0,Hidden Gem - Promote Higher
November,18001172,samsung,unknown,unknown,budget,5.47,60.0,2.0,3.0,3.33,5.0,Hidden Gem - Promote Higher
November,12719545,delmax,unknown,unknown,budget,33.3,60.0,5.0,3.0,8.33,5.0,Hidden Gem - Promote Higher
November,5000511,veritas,appliances,sewing_machine,mid,159.47,60.0,11.0,3.0,18.33,5.0,Hidden Gem - Promote Higher
November,34700014,unknown,unknown,unknown,budget,13.61,60.0,7.0,3.0,11.67,5.0,Hidden Gem - Promote Higher
November,23700307,unknown,furniture,bedroom,budget,14.75,60.0,4.0,3.0,6.67,5.0,Hidden Gem - Promote Higher
November,2701780,samsung,appliances,kitchen,luxury,1209.79,60.0,0.0,3.0,0.0,5.0,Hidden Gem - Promote Higher
November,12704669,nokian,unknown,unknown,budget,44.0,161.0,21.0,8.0,13.04,4.97,Hidden Gem - Promote Higher
November,12705588,unknown,unknown,unknown,budget,39.16,121.0,17.0,6.0,14.05,4.96,Hidden Gem - Promote Higher
November,8500290,unknown,unknown,unknown,premium,259.15,121.0,6.0,6.0,4.96,4.96,Hidden Gem - Promote Higher
November,9100970,defender,computers,peripherals,budget,6.35,162.0,14.0,8.0,8.64,4.94,Hidden Gem - Promote Higher
November,3600987,atlantic,appliances,kitchen,mid,96.42,81.0,1.0,4.0,1.23,4.94,Hidden Gem - Promote Higher
November,5700848,alpine,auto,accessories,mid,154.38,81.0,6.0,4.0,7.41,4.94,Hidden Gem - Promote Higher
November,12719869,roadx,unknown,unknown,mid,59.51,122.0,7.0,6.0,5.74,4.92,Hidden Gem - Promote Higher
November,15200847,bars,unknown,unknown,mid,57.11,61.0,10.0,3.0,16.39,4.92,Hidden Gem - Promote Higher
November,12800016,kingston,unknown,unknown,budget,5.13,61.0,0.0,3.0,0.0,4.92,Hidden Gem - Promote Higher
November,28718446,strobbs,apparel,shoes,mid,64.61,61.0,2.0,3.0,3.28,4.92,Hidden Gem - Promote Higher
November,3900716,ariston,appliances,environment,mid,75.5,61.0,4.0,3.0,6.56,4.92,Hidden Gem - Promote Higher
November,17300997,bulgari,unknown,unknown,mid,88.88,61.0,7.0,3.0,11.48,4.92,Hidden Gem - Promote Higher
November,12707536,unknown,unknown,unknown,mid,130.51,143.0,13.0,7.0,9.09,4.9,Hidden Gem - Promote Higher
November,8800847,nokia,electronics,telephone,budget,35.79,123.0,3.0,6.0,2.44,4.88,Hidden Gem - Promote Higher
November,12700696,matador,unknown,unknown,budget,44.02,186.0,32.0,9.0,17.2,4.84,Hidden Gem - Promote Higher
November,18500046,huion,electronics,tablet,mid,98.94,62.0,5.0,3.0,8.06,4.84,Hidden Gem - Promote Higher
November,12720550,maxxis,unknown,unknown,mid,73.86,62.0,6.0,3.0,9.68,4.84,Hidden Gem - Promote Higher
November,2900496,unknown,appliances,kitchen,mid,100.76,62.0,2.0,3.0,3.23,4.84,Hidden Gem - Promote Higher
November,16000961,granhel,unknown,unknown,budget,35.01,62.0,0.0,3.0,0.0,4.84,Hidden Gem - Promote Higher
November,26022885,unknown,unknown,unknown,budget,7.48,62.0,2.0,3.0,3.23,4.84,Hidden Gem - Promote Higher
November,12700832,nokian,unknown,unknown,mid,104.44,145.0,10.0,7.0,6.9,4.83,Hidden Gem - Promote Higher
November,10700177,sony,unknown,unknown,budget,13.69,83.0,10.0,4.0,12.05,4.82,Hidden Gem - Promote Higher
November,26403293,unknown,unknown,unknown,premium,224.72,84.0,1.0,4.0,1.19,4.76,Hidden Gem - Promote Higher
November,5301236,galaxy,unknown,unknown,budget,9.64,84.0,4.0,4.0,4.76,4.76,Hidden Gem - Promote Higher
November,12704971,viatti,unknown,unknown,budget,40.54,84.0,8.0,4.0,9.52,4.76,Hidden Gem - Promote Higher
November,17300609,montale,unknown,unknown,mid,127.24,63.0,3.0,3.0,4.76,4.76,Hidden Gem - Promote Higher
November,9100888,delux,computers,peripherals,budget,7.47,63.0,7.0,3.0,11.11,4.76,Hidden Gem - Promote Higher
November,100008551,respect,apparel,shoes,mid,89.84,63.0,5.0,3.0,7.94,4.76,Hidden Gem - Promote Higher
November,22700965,aeroforce,unknown,unknown,mid,176.58,106.0,6.0,5.0,5.66,4.72,Hidden Gem - Promote Higher
November,6301381,elenberg,appliances,kitchen,budget,19.64,85.0,5.0,4.0,5.88,4.71,Hidden Gem - Promote Higher
November,17301073,unknown,unknown,unknown,budget,44.34,85.0,6.0,4.0,7.06,4.71,Hidden Gem - Promote Higher
November,26011919,unknown,unknown,unknown,budget,3.54,85.0,8.0,4.0,9.41,4.71,Hidden Gem - Promote Higher
November,12704667,nokian,unknown,unknown,budget,45.53,149.0,14.0,7.0,9.4,4.7,Hidden Gem - Promote Higher
November,17400288,unknown,unknown,unknown,budget,6.03,64.0,3.0,3.0,4.69,4.69,Hidden Gem - Promote Higher
November,12720491,sunwide,unknown,unknown,mid,61.64,64.0,5.0,3.0,7.81,4.69,Hidden Gem - Promote Higher
November,11400318,xiaomi,unknown,unknown,budget,18.62,64.0,1.0,3.0,1.56,4.69,Hidden Gem - Promote Higher
November,7300070,toshiba,unknown,unknown,budget,48.25,64.0,0.0,3.0,0.0,4.69,Hidden Gem - Promote Higher
November,15200184,bars,unknown,unknown,mid,152.67,64.0,8.0,3.0,12.5,4.69,Hidden Gem - Promote Higher
November,15200946,bars,unknown,unknown,mid,51.73,107.0,21.0,5.0,19.63,4.67,Hidden Gem - Promote Higher
November,12719535,yokohama,unknown,unknown,mid,52.0,129.0,8.0,6.0,6.2,4.65,Hidden Gem - Promote Higher
November,12711346,powertrac,unknown,unknown,budget,31.88,86.0,10.0,4.0,11.63,4.65,Hidden Gem - Promote Higher
November,12700718,nokian,unknown,unknown,budget,40.4,86.0,8.0,4.0,9.3,4.65,Hidden Gem - Promote Higher
November,9100033,unknown,computers,peripherals,budget,28.13,86.0,1.0,4.0,1.16,4.65,Hidden Gem - Promote Higher
November,11000112,bosch,appliances,kitchen,mid,61.48,194.0,11.0,9.0,5.67,4.64,Hidden Gem - Promote Higher
November,15200783,genesis,unknown,unknown,mid,51.68,151.0,12.0,7.0,7.95,4.64,Hidden Gem - Promote Higher
November,4800725,sony,electronics,audio,budget,7.7,65.0,4.0,3.0,6.15,4.62,Hidden Gem - Promote Higher
November,2701774,indesit,appliances,kitchen,premium,370.59,65.0,0.0,3.0,0.0,4.62,Hidden Gem - Promote Higher
November,26400657,lucente,unknown,unknown,premium,203.87,65.0,3.0,3.0,4.62,4.62,Hidden Gem - Promote Higher
November,3800215,braun,appliances,iron,premium,295.99,65.0,1.0,3.0,1.54,4.62,Hidden Gem - Promote Higher
November,11300045,panasonic,electronics,telephone,budget,39.92,87.0,8.0,4.0,9.2,4.6,Hidden Gem - Promote Higher
November,7300194,transcend,unknown,unknown,mid,100.35,176.0,16.0,8.0,9.09,4.55,Hidden Gem - Promote Higher
November,5200148,amazon,computers,ebooks,premium,241.75,110.0,2.0,5.0,1.82,4.55,Hidden Gem - Promote Higher
November,1003548,samsung,electronics,smartphone,premium,282.84,88.0,2.0,4.0,2.27,4.55,Hidden Gem - Promote Higher
November,29501522,unknown,unknown,unknown,budget,10.24,88.0,2.0,4.0,2.27,4.55,Hidden Gem - Promote Higher
November,12707458,unknown,unknown,unknown,mid,171.95,111.0,14.0,5.0,12.61,4.5,Hidden Gem - Promote Higher
November,17301868,sheba,unknown,unknown,mid,144.9,89.0,2.0,4.0,2.25,4.49,Hidden Gem - Promote Higher
November,12700625,goodyear,unknown,unknown,mid,150.07,67.0,7.0,3.0,10.45,4.48,Hidden Gem - Promote Higher
November,26403347,unknown,unknown,unknown,mid,84.94,67.0,1.0,3.0,1.49,4.48,Hidden Gem - Promote Higher
November,12706799,gislaved,unknown,unknown,mid,74.91,67.0,2.0,3.0,2.99,4.48,Hidden Gem - Promote Higher
November,17302130,guerlain,unknown,unknown,mid,115.94,67.0,2.0,3.0,2.99,4.48,Hidden Gem - Promote Higher
November,12702934,cordiant,unknown,unknown,budget,36.18,157.0,16.0,7.0,10.19,4.46,Hidden Gem - Promote Higher
November,12703675,sava,unknown,unknown,budget,39.07,112.0,10.0,5.0,8.93,4.46,Hidden Gem - Promote Higher
November,29501910,unknown,unknown,unknown,mid,102.83,90.0,2.0,4.0,2.22,4.44,Hidden Gem - Promote Higher
November,15200501,bars,unknown,unknown,budget,44.34,90.0,6.0,4.0,6.67,4.44,Hidden Gem - Promote Higher
November,12709463,maxxis,unknown,unknown,budget,43.89,113.0,13.0,5.0,11.5,4.42,Hidden Gem - Promote Higher
November,15900033,tefal,unknown,unknown,budget,29.59,113.0,3.0,5.0,2.65,4.42,Hidden Gem - Promote Higher
November,12719670,comforser,unknown,unknown,budget,45.05,136.0,21.0,6.0,15.44,4.41,Hidden Gem - Promote Higher
November,48600003,total,unknown,unknown,budget,38.59,68.0,1.0,3.0,1.47,4.41,Hidden Gem - Promote Higher
November,17303003,chanel,unknown,unknown,mid,154.83,68.0,5.0,3.0,7.35,4.41,Hidden Gem - Promote Higher
November,12719851,roadx,unknown,unknown,budget,32.85,68.0,6.0,3.0,8.82,4.41,Hidden Gem - Promote Higher
November,3900080,thermex,appliances,environment,mid,93.24,68.0,9.0,3.0,13.24,4.41,Hidden Gem - Promote Higher
November,12719132,yokohama,unknown,unknown,mid,58.89,68.0,8.0,3.0,11.76,4.41,Hidden Gem - Promote Higher
November,10200491,llorens,kids,dolls,budget,29.87,68.0,4.0,3.0,5.88,4.41,Hidden Gem - Promote Higher
November,12702457,matador,unknown,unknown,mid,57.92,68.0,10.0,3.0,14.71,4.41,Hidden Gem - Promote Higher
November,4804144,huawei,electronics,audio,budget,7.55,184.0,11.0,8.0,5.98,4.35,Hidden Gem - Promote Higher
November,16400055,tefal,unknown,unknown,budget,46.7,92.0,0.0,4.0,0.0,4.35,Hidden Gem - Promote Higher
November,17301546,lancome,unknown,unknown,mid,93.95,92.0,8.0,4.0,8.7,4.35,Hidden Gem - Promote Higher
November,26402180,unknown,unknown,unknown,mid,112.74,69.0,1.0,3.0,1.45,4.35,Hidden Gem - Promote Higher
November,21409486,casio,electronics,clocks,mid,117.89,69.0,1.0,3.0,1.45,4.35,Hidden Gem - Promote Higher
November,1801969,lg,electronics,video,luxury,766.13,116.0,2.0,5.0,1.72,4.31,Hidden Gem - Promote Higher
November,25800003,omron,medicine,tools,budget,33.43,116.0,7.0,5.0,6.03,4.31,Hidden Gem - Promote Higher
November,3801081,scarlett,appliances,iron,budget,16.43,93.0,5.0,4.0,5.38,4.3,Hidden Gem - Promote Higher
November,1306339,hp,computers,notebook,luxury,510.36,70.0,0.0,3.0,0.0,4.29,Hidden Gem - Promote Higher
November,19600398,unknown,unknown,unknown,budget,21.15,70.0,7.0,3.0,10.0,4.29,Hidden Gem - Promote Higher
November,29500076,maxler,unknown,unknown,budget,41.06,70.0,3.0,3.0,4.29,4.29,Hidden Gem - Promote Higher
November,8801091,nokia,electronics,telephone,budget,23.13,70.0,5.0,3.0,7.14,4.29,Hidden Gem - Promote Higher
November,7006183,hp,kids,carriage,mid,62.19,117.0,3.0,5.0,2.56,4.27,Hidden Gem - Promote Higher
November,5301499,willmark,unknown,unknown,budget,7.7,117.0,8.0,5.0,6.84,4.27,Hidden Gem - Promote Higher
November,12705223,viatti,unknown,unknown,mid,60.49,141.0,8.0,6.0,5.67,4.26,Hidden Gem - Promote Higher
November,12703007,cordiant,unknown,unknown,budget,42.5,94.0,18.0,4.0,19.15,4.26,Hidden Gem - Promote Higher
November,11400388,hoco,unknown,unknown,budget,25.34,94.0,6.0,4.0,6.38,4.26,Hidden Gem - Promote Higher
November,1005088,tp-link,electronics,smartphone,mid,84.69,94.0,3.0,4.0,3.19,4.26,Hidden Gem - Promote Higher
November,1002549,apple,electronics,smartphone,luxury,563.18,118.0,8.0,5.0,6.78,4.24,Hidden Gem - Promote Higher
November,26400489,unknown,unknown,unknown,premium,204.64,192.0,14.0,8.0,7.29,4.17,Hidden Gem - Promote Higher
November,42200034,unknown,unknown,unknown,budget,7.41,168.0,11.0,7.0,6.55,4.17,Hidden Gem - Promote Higher
November,12701257,triangle,unknown,unknown,budget,37.46,144.0,13.0,6.0,9.03,4.17,Hidden Gem - Promote Higher
November,4803396,jbl,electronics,audio,budget,33.03,96.0,2.0,4.0,2.08,4.17,Hidden Gem - Promote Higher
November,12710976,powertrac,unknown,unknown,budget,34.88,193.0,27.0,8.0,13.99,4.15,Hidden Gem - Promote Higher
November,3801272,polaris,appliances,iron,budget,39.12,169.0,6.0,7.0,3.55,4.14,Hidden Gem - Promote Higher
November,5300864,vitek,unknown,unknown,budget,15.19,121.0,5.0,5.0,4.13,4.13,Hidden Gem - Promote Higher
November,1801375,vestel,electronics,video,premium,299.32,97.0,4.0,4.0,4.12,4.12,Hidden Gem - Promote Higher
November,7901063,shenma,furniture,kitchen,mid,56.63,97.0,6.0,4.0,6.19,4.12,Hidden Gem - Promote Higher
November,17300672,unknown,unknown,unknown,mid,97.32,97.0,10.0,4.0,10.31,4.12,Hidden Gem - Promote Higher
November,10700078,sony,unknown,unknown,budget,14.99,97.0,3.0,4.0,3.09,4.12,Hidden Gem - Promote Higher
November,3700895,tefal,appliances,environment,premium,210.38,146.0,6.0,6.0,4.11,4.11,Hidden Gem - Promote Higher
November,26404407,lucente,unknown,unknown,mid,97.56,73.0,2.0,3.0,2.74,4.11,Hidden Gem - Promote Higher
November,5100347,apple,electronics,clocks,premium,365.52,73.0,9.0,3.0,12.33,4.11,Hidden Gem - Promote Higher
November,4400408,smeg,appliances,kitchen,premium,400.15,73.0,0.0,3.0,0.0,4.11,Hidden Gem - Promote Higher
November,2600960,darina,unknown,unknown,premium,215.12,73.0,0.0,3.0,0.0,4.11,Hidden Gem - Promote Higher
November,8200230,unknown,unknown,unknown,mid,72.17,73.0,11.0,3.0,15.07,4.11,Hidden Gem - Promote Higher
November,12720096,roadx,unknown,unknown,mid,50.69,73.0,7.0,3.0,9.59,4.11,Hidden Gem - Promote Higher
November,3801238,elenberg,appliances,iron,budget,12.84,98.0,8.0,4.0,8.16,4.08,Hidden Gem - Promote Higher
November,15200136,racer,unknown,unknown,budget,64.57,98.0,7.0,4.0,7.14,4.08,Hidden Gem - Promote Higher
November,4803895,jbl,electronics,audio,budget,46.76,123.0,4.0,5.0,3.25,4.07,Hidden Gem - Promote Higher
November,12720442,cordiant,unknown,unknown,mid,70.15,74.0,14.0,3.0,18.92,4.05,Hidden Gem - Promote Higher
November,22900034,ikea,furniture,bedroom,budget,9.76,74.0,1.0,3.0,1.35,4.05,Hidden Gem - Promote Higher
November,14300386,denn,electronics,audio,budget,14.33,74.0,3.0,3.0,4.05,4.05,Hidden Gem - Promote Higher
November,12719630,kapsen,unknown,unknown,budget,45.3,149.0,7.0,6.0,4.7,4.03,Hidden Gem - Promote Higher
November,13000037,sony,unknown,unknown,mid,63.82,124.0,9.0,5.0,7.26,4.03,Hidden Gem - Promote Higher
November,15200297,voltman,unknown,unknown,mid,72.26,75.0,8.0,3.0,10.67,4.0,Hidden Gem - Promote Higher
November,12707062,matador,unknown,unknown,mid,70.38,75.0,8.0,3.0,10.67,4.0,Hidden Gem - Promote Higher
November,3800953,tefal,appliances,iron,mid,106.44,75.0,8.0,3.0,10.67,4.0,Hidden Gem - Promote Higher
November,11400618,svc,unknown,unknown,budget,15.21,75.0,5.0,3.0,6.67,4.0,Hidden Gem - Promote Higher
November,12720603,joyroad,unknown,unknown,budget,32.43,75.0,11.0,3.0,14.67,4.0,Hidden Gem - Promote Higher
November,30900127,deepcool,computers,components,budget,9.91,75.0,5.0,3.0,6.67,4.0,Hidden Gem - Promote Higher
November,12712067,powertrac,unknown,unknown,budget,47.83,151.0,12.0,6.0,7.95,3.97,Hidden Gem - Promote Higher
November,3601028,indesit,appliances,kitchen,premium,282.66,126.0,4.0,5.0,3.17,3.97,Hidden Gem - Promote Higher
November,9600125,dji,unknown,unknown,luxury,1367.03,101.0,5.0,4.0,4.95,3.96,Hidden Gem - Promote Higher
November,8000295,alis,unknown,unknown,budget,20.66,101.0,8.0,4.0,7.92,3.96,Hidden Gem - Promote Higher
November,12711367,nexen,unknown,unknown,budget,42.65,101.0,10.0,4.0,9.9,3.96,Hidden Gem - Promote Higher
November,12703111,maxxis,unknown,unknown,mid,100.52,101.0,8.0,4.0,7.92,3.96,Hidden Gem - Promote Higher
November,11600011,microlab,computers,desktop,budget,45.21,76.0,3.0,3.0,3.95,3.95,Hidden Gem - Promote Higher
November,2602166,dauscher,unknown,unknown,luxury,500.61,76.0,6.0,3.0,7.89,3.95,Hidden Gem - Promote Higher
November,4000210,polaris,construction,tools,mid,124.25,127.0,3.0,5.0,2.36,3.94,Hidden Gem - Promote Higher
November,53300009,gimi,unknown,unknown,budget,23.14,153.0,13.0,6.0,8.5,3.92,Hidden Gem - Promote Higher
November,12709857,viatti,unknown,unknown,budget,39.51,153.0,18.0,6.0,11.76,3.92,Hidden Gem - Promote Higher
November,6100194,unknown,auto,accessories,mid,90.32,102.0,8.0,4.0,7.84,3.92,Hidden Gem - Promote Higher
November,3900746,haier,appliances,environment,mid,122.73,77.0,4.0,3.0,5.19,3.9,Hidden Gem - Promote Higher
November,51100101,dearest,unknown,unknown,budget,46.33,77.0,1.0,3.0,1.3,3.9,Hidden Gem - Promote Higher
November,12701605,matador,unknown,unknown,budget,43.27,77.0,8.0,3.0,10.39,3.9,Hidden Gem - Promote Higher
November,2240118,canon,unknown,unknown,luxury,651.42,180.0,11.0,7.0,6.11,3.89,Hidden Gem - Promote Higher
November,12709955,yokohama,unknown,unknown,mid,83.61,103.0,10.0,4.0,9.71,3.88,Hidden Gem - Promote Higher
November,12704916,cordiant,unknown,unknown,mid,58.81,156.0,21.0,6.0,13.46,3.85,Hidden Gem - Promote Higher
November,12703112,maxxis,unknown,unknown,mid,113.01,156.0,22.0,6.0,14.1,3.85,Hidden Gem - Promote Higher
November,4803394,redragon,electronics,audio,budget,14.18,130.0,11.0,5.0,8.46,3.85,Hidden Gem - Promote Higher
November,1004812,honor,electronics,smartphone,mid,151.51,104.0,2.0,4.0,1.92,3.85,Hidden Gem - Promote Higher
November,12702931,cordiant,unknown,unknown,budget,34.24,104.0,18.0,4.0,17.31,3.85,Hidden Gem - Promote Higher
November,12707518,unknown,unknown,unknown,mid,107.1,104.0,16.0,4.0,15.38,3.85,Hidden Gem - Promote Higher
November,2501244,artel,appliances,kitchen,budget,35.35,78.0,1.0,3.0,1.28,3.85,Hidden Gem - Promote Higher
November,12705571,viatti,unknown,unknown,budget,39.0,78.0,12.0,3.0,15.38,3.85,Hidden Gem - Promote Higher
November,26204065,unknown,unknown,unknown,premium,256.12,78.0,3.0,3.0,3.85,3.85,Hidden Gem - Promote Higher
November,100010164,pulser,computers,desktop,premium,247.08,105.0,0.0,4.0,0.0,3.81,Hidden Gem - Promote Higher
November,27400004,philips,unknown,unknown,budget,48.64,105.0,2.0,4.0,1.9,3.81,Hidden Gem - Promote Higher
November,12718449,unknown,unknown,unknown,mid,55.73,158.0,18.0,6.0,11.39,3.8,Hidden Gem - Promote Higher
November,9300079,lg,unknown,unknown,premium,385.85,79.0,1.0,3.0,1.27,3.8,Hidden Gem - Promote Higher
November,10700135,sony,unknown,unknown,budget,16.22,79.0,9.0,3.0,11.39,3.8,Hidden Gem - Promote Higher
November,5700783,sony,auto,accessories,mid,110.43,79.0,3.0,3.0,3.8,3.8,Hidden Gem - Promote Higher
November,5801550,alphard,electronics,audio,budget,38.77,106.0,1.0,4.0,0.94,3.77,Hidden Gem - Promote Higher
November,17302667,unknown,unknown,unknown,budget,12.01,106.0,1.0,4.0,0.94,3.77,Hidden Gem - Promote Higher
November,12720105,roadx,unknown,unknown,mid,48.9,80.0,8.0,3.0,10.0,3.75,Hidden Gem - Promote Higher
November,12720602,joyroad,unknown,unknown,budget,43.5,80.0,7.0,3.0,8.75,3.75,Hidden Gem - Promote Higher
November,12711558,triangle,unknown,unknown,budget,43.99,107.0,4.0,4.0,3.74,3.74,Hidden Gem - Promote Higher
November,26300807,sokolov,unknown,unknown,premium,270.53,107.0,1.0,4.0,0.93,3.74,Hidden Gem - Promote Higher
November,14100494,stagg,electronics,audio,mid,124.84,107.0,4.0,4.0,3.74,3.74,Hidden Gem - Promote Higher
November,12718806,mazzini,unknown,unknown,budget,37.8,107.0,13.0,4.0,12.15,3.74,Hidden Gem - Promote Higher
November,3801203,philips,appliances,iron,mid,127.17,134.0,7.0,5.0,5.22,3.73,Hidden Gem - Promote Higher
November,28719087,fassen,apparel,shoes,budget,44.79,134.0,10.0,5.0,7.46,3.73,Hidden Gem - Promote Higher
November,11000000,vitek,appliances,kitchen,budget,33.18,189.0,6.0,7.0,3.17,3.7,Hidden Gem - Promote Higher
November,12710853,michelin,unknown,unknown,mid,114.55,135.0,10.0,5.0,7.41,3.7,Hidden Gem - Promote Higher
November,25900022,ecocool,computers,components,mid,92.98,135.0,7.0,5.0,5.19,3.7,Hidden Gem - Promote Higher
November,1801923,samsung,electronics,video,luxury,1085.56,108.0,0.0,4.0,0.0,3.7,Hidden Gem - Promote Higher
November,20100036,nika,unknown,unknown,budget,29.02,108.0,11.0,4.0,10.19,3.7,Hidden Gem - Promote Higher
November,26200286,unknown,unknown,unknown,mid,167.06,108.0,1.0,4.0,0.93,3.7,Hidden Gem - Promote Higher
November,1004625,fly,electronics,smartphone,budget,43.73,108.0,3.0,4.0,2.78,3.7,Hidden Gem - Promote Higher
November,12712074,powertrac,unknown,unknown,budget,39.84,81.0,14.0,3.0,17.28,3.7,Hidden Gem - Promote Higher
November,7300437,toshiba,unknown,unknown,mid,59.93,81.0,2.0,3.0,2.47,3.7,Hidden Gem - Promote Higher
November,18300021,portcase,accessories,bag,budget,7.62,190.0,14.0,7.0,7.37,3.68,Hidden Gem - Promote Higher
November,12702883,cordiant,unknown,unknown,mid,75.76,164.0,12.0,6.0,7.32,3.66,Hidden Gem - Promote Higher
November,17800715,zeta,computers,desktop,budget,33.21,82.0,5.0,3.0,6.1,3.66,Hidden Gem - Promote Higher
November,12718923,farroad,unknown,unknown,budget,46.71,82.0,8.0,3.0,9.76,3.66,Hidden Gem - Promote Higher
November,12714770,tunga,unknown,unknown,budget,41.73,82.0,10.0,3.0,12.2,3.66,Hidden Gem - Promote Higher
November,12720756,joyroad,unknown,unknown,mid,73.36,82.0,2.0,3.0,2.44,3.66,Hidden Gem - Promote Higher
November,12718522,triangle,unknown,unknown,mid,67.12,82.0,10.0,3.0,12.2,3.66,Hidden Gem - Promote Higher
November,13200068,unknown,furniture,bedroom,premium,265.87,82.0,5.0,3.0,6.1,3.66,Hidden Gem - Promote Higher
November,100011103,acer,computers,notebook,premium,308.33,82.0,6.0,3.0,7.32,3.66,Hidden Gem - Promote Higher
November,37000001,unknown,unknown,unknown,mid,164.74,110.0,3.0,4.0,2.73,3.64,Hidden Gem - Promote Higher
November,26200635,unknown,unknown,unknown,mid,84.94,110.0,4.0,4.0,3.64,3.64,Hidden Gem - Promote Higher
November,3601005,bosher,appliances,kitchen,mid,104.75,194.0,17.0,7.0,8.76,3.61,Hidden Gem - Promote Higher
November,29501868,s.a.n.,unknown,unknown,budget,33.33,83.0,4.0,3.0,4.82,3.61,Hidden Gem - Promote Higher
November,13300428,unknown,unknown,unknown,mid,173.81,139.0,4.0,5.0,2.88,3.6,Hidden Gem - Promote Higher
November,12700933,nokian,unknown,unknown,mid,63.33,111.0,5.0,4.0,4.5,3.6,Hidden Gem - Promote Higher
November,12703005,cordiant,unknown,unknown,budget,45.37,195.0,33.0,7.0,16.92,3.59,Hidden Gem - Promote Higher
November,5301150,rowenta,unknown,unknown,mid,66.63,195.0,13.0,7.0,6.67,3.59,Hidden Gem - Promote Higher
November,26403348,unknown,unknown,unknown,mid,84.43,167.0,7.0,6.0,4.19,3.59,Hidden Gem - Promote Higher
November,11600160,microlab,computers,desktop,budget,23.35,168.0,10.0,6.0,5.95,3.57,Hidden Gem - Promote Higher
November,12710331,maxxis,unknown,unknown,budget,47.38,168.0,17.0,6.0,10.12,3.57,Hidden Gem - Promote Higher
November,26200586,unknown,unknown,unknown,premium,286.49,140.0,6.0,5.0,4.29,3.57,Hidden Gem - Promote Higher
November,8800976,texet,electronics,telephone,budget,27.14,112.0,1.0,4.0,0.89,3.57,Hidden Gem - Promote Higher
November,8500186,unknown,unknown,unknown,premium,246.31,112.0,11.0,4.0,9.82,3.57,Hidden Gem - Promote Higher
November,16800232,unknown,furniture,kitchen,mid,51.22,84.0,1.0,3.0,1.19,3.57,Hidden Gem - Promote Higher
November,11000024,moulinex,appliances,kitchen,budget,37.05,84.0,2.0,3.0,2.38,3.57,Hidden Gem - Promote Higher
November,11400257,remax,unknown,unknown,budget,30.53,84.0,12.0,3.0,14.29,3.57,Hidden Gem - Promote Higher
November,8700124,braun,appliances,personal,budget,42.84,84.0,7.0,3.0,8.33,3.57,Hidden Gem - Promote Higher
November,100019259,lucente,unknown,unknown,premium,250.71,84.0,1.0,3.0,1.19,3.57,Hidden Gem - Promote Higher
November,4803192,xiaomi,electronics,audio,budget,13.95,84.0,9.0,3.0,10.71,3.57,Hidden Gem - Promote Higher
November,4501541,midea,appliances,kitchen,mid,166.82,84.0,6.0,3.0,7.14,3.57,Hidden Gem - Promote Higher
November,8700153,rowenta,appliances,personal,budget,23.14,169.0,13.0,6.0,7.69,3.55,Hidden Gem - Promote Higher
November,7006182,hp,kids,carriage,mid,61.32,198.0,3.0,7.0,1.52,3.54,Hidden Gem - Promote Higher
November,21410078,unknown,electronics,clocks,budget,32.15,113.0,1.0,4.0,0.88,3.54,Hidden Gem - Promote Higher
November,22500276,mart,unknown,unknown,budget,11.59,113.0,6.0,4.0,5.31,3.54,Hidden Gem - Promote Higher
November,3900655,thermex,appliances,environment,mid,86.83,85.0,8.0,3.0,9.41,3.53,Hidden Gem - Promote Higher
November,12720494,sunwide,unknown,unknown,budget,40.93,85.0,8.0,3.0,9.41,3.53,Hidden Gem - Promote Higher
November,26200038,unknown,unknown,unknown,mid,118.66,85.0,6.0,3.0,7.06,3.53,Hidden Gem - Promote Higher
November,12700932,nokian,unknown,unknown,mid,53.73,85.0,9.0,3.0,10.59,3.53,Hidden Gem - Promote Higher
November,18300141,sumdex,accessories,bag,budget,16.73,85.0,4.0,3.0,4.71,3.53,Hidden Gem - Promote Higher
November,100009643,joyroad,unknown,unknown,budget,42.47,85.0,11.0,3.0,12.94,3.53,Hidden Gem - Promote Higher
November,26403333,unknown,unknown,unknown,mid,68.73,85.0,4.0,3.0,4.71,3.53,Hidden Gem - Promote Higher
November,26404389,adamas,unknown,unknown,mid,159.59,85.0,3.0,3.0,3.53,3.53,Hidden Gem - Promote Higher
November,12705522,viatti,unknown,unknown,budget,34.1,199.0,24.0,7.0,12.06,3.52,Hidden Gem - Promote Higher
November,3800490,maxwell,appliances,iron,budget,15.05,114.0,4.0,4.0,3.51,3.51,Hidden Gem - Promote Higher
November,2701652,unknown,appliances,kitchen,premium,220.73,200.0,12.0,7.0,6.0,3.5,Hidden Gem - Promote Higher
November,53100037,patriot,unknown,unknown,budget,35.17,86.0,2.0,3.0,2.33,3.49,Hidden Gem - Promote Higher
November,15800002,bosch,unknown,unknown,premium,316.9,86.0,2.0,3.0,2.33,3.49,Hidden Gem - Promote Higher
November,100000121,delta,unknown,unknown,mid,79.8,86.0,3.0,3.0,3.49,3.49,Hidden Gem - Promote Higher
November,3801061,philips,appliances,iron,mid,90.31,115.0,8.0,4.0,6.96,3.48,Hidden Gem - Promote Higher
November,5301353,philips,unknown,unknown,budget,15.2,115.0,3.0,4.0,2.61,3.48,Hidden Gem - Promote Higher
November,12711990,triangle,unknown,unknown,budget,44.2,144.0,18.0,5.0,12.5,3.47,Hidden Gem - Promote Higher
November,1004358,apple,electronics,smartphone,luxury,1394.24,144.0,8.0,5.0,5.56,3.47,Hidden Gem - Promote Higher
November,11500278,jbl,unknown,unknown,mid,91.73,145.0,11.0,5.0,7.59,3.45,Hidden Gem - Promote Higher
November,21410058,unknown,electronics,clocks,budget,25.71,116.0,2.0,4.0,1.72,3.45,Hidden Gem - Promote Higher
November,3701180,polaris,appliances,environment,mid,105.47,116.0,9.0,4.0,7.76,3.45,Hidden Gem - Promote Higher
November,26300665,unknown,unknown,unknown,premium,244.02,87.0,1.0,3.0,1.15,3.45,Hidden Gem - Promote Higher
November,5301634,philips,unknown,unknown,budget,48.5,87.0,11.0,3.0,12.64,3.45,Hidden Gem - Promote Higher
November,3200464,polaris,appliances,kitchen,mid,128.66,87.0,6.0,3.0,6.9,3.45,Hidden Gem - Promote Higher
November,3800632,maxwell,appliances,iron,budget,12.79,117.0,10.0,4.0,8.55,3.42,Hidden Gem - Promote Higher
November,12714714,tunga,unknown,unknown,mid,50.53,117.0,8.0,4.0,6.84,3.42,Hidden Gem - Promote Higher
November,12720642,goodride,unknown,unknown,mid,77.85,88.0,5.0,3.0,5.68,3.41,Hidden Gem - Promote Higher
November,6200524,tefal,appliances,environment,mid,91.86,88.0,8.0,3.0,9.09,3.41,Hidden Gem - Promote Higher
November,6700993,msi,computers,components,premium,364.38,88.0,0.0,3.0,0.0,3.41,Hidden Gem - Promote Higher
November,16300123,kukmara,unknown,unknown,budget,25.22,88.0,3.0,3.0,3.41,3.41,Hidden Gem - Promote Higher
November,12707445,triangle,unknown,unknown,mid,53.97,118.0,6.0,4.0,5.08,3.39,Hidden Gem - Promote Higher
November,12702928,matador,unknown,unknown,budget,37.58,148.0,14.0,5.0,9.46,3.38,Hidden Gem - Promote Higher
November,12705848,unknown,unknown,unknown,budget,38.1,148.0,18.0,5.0,12.16,3.38,Hidden Gem - Promote Higher
November,12705254,viatti,unknown,unknown,mid,65.51,89.0,6.0,3.0,6.74,3.37,Hidden Gem - Promote Higher
November,8800778,bq,electronics,telephone,budget,10.81,89.0,6.0,3.0,6.74,3.37,Hidden Gem - Promote Higher
November,3900537,ariston,appliances,environment,mid,121.19,89.0,7.0,3.0,7.87,3.37,Hidden Gem - Promote Higher
November,12700888,nokian,unknown,unknown,mid,61.26,89.0,3.0,3.0,3.37,3.37,Hidden Gem - Promote Higher
November,15200465,varta,unknown,unknown,mid,108.86,89.0,4.0,3.0,4.49,3.37,Hidden Gem - Promote Higher
November,28704730,greyder,apparel,shoes,mid,64.35,89.0,0.0,3.0,0.0,3.37,Hidden Gem - Promote Higher
November,1005207,apple,electronics,smartphone,premium,395.42,179.0,13.0,6.0,7.26,3.35,Hidden Gem - Promote Higher
November,21400513,casio,electronics,clocks,mid,80.21,150.0,3.0,5.0,2.0,3.33,Hidden Gem - Promote Higher
November,19300014,perilla,appliances,ironing_board,budget,15.49,150.0,4.0,5.0,2.67,3.33,Hidden Gem - Promote Higher
November,26026982,unknown,unknown,unknown,budget,5.87,120.0,20.0,4.0,16.67,3.33,Hidden Gem - Promote Higher
November,28401075,respect,accessories,bag,budget,39.9,120.0,7.0,4.0,5.83,3.33,Hidden Gem - Promote Higher
November,18900005,canon,electronics,camera,mid,153.13,120.0,11.0,4.0,9.17,3.33,Hidden Gem - Promote Higher
November,3801157,braun,appliances,iron,budget,45.28,90.0,3.0,3.0,3.33,3.33,Hidden Gem - Promote Higher
November,100011012,kivi,electronics,video,premium,411.44,90.0,6.0,3.0,6.67,3.33,Hidden Gem - Promote Higher
November,3101064,philips,appliances,kitchen,mid,84.73,90.0,1.0,3.0,1.11,3.33,Hidden Gem - Promote Higher
November,3900841,haier,appliances,environment,mid,71.39,90.0,3.0,3.0,3.33,3.33,Hidden Gem - Promote Higher
November,22700247,total,unknown,unknown,budget,7.86,90.0,3.0,3.0,3.33,3.33,Hidden Gem - Promote Higher
November,18000799,samsung,unknown,unknown,budget,30.65,121.0,5.0,4.0,4.13,3.31,Hidden Gem - Promote Higher
November,18300370,xiaomi,accessories,bag,budget,38.32,121.0,10.0,4.0,8.26,3.31,Hidden Gem - Promote Higher
November,12706983,nokian,unknown,unknown,mid,51.98,182.0,26.0,6.0,14.29,3.3,Hidden Gem - Promote Higher
November,5301665,polaris,unknown,unknown,budget,18.13,91.0,1.0,3.0,1.1,3.3,Hidden Gem - Promote Higher
November,6000175,starline,auto,accessories,mid,159.86,91.0,2.0,3.0,2.2,3.3,Hidden Gem - Promote Higher
November,26400381,unknown,unknown,unknown,mid,170.4,91.0,1.0,3.0,1.1,3.3,Hidden Gem - Promote Higher
November,12720604,joyroad,unknown,unknown,budget,35.49,91.0,14.0,3.0,15.38,3.3,Hidden Gem - Promote Higher
November,12500753,alteco,unknown,unknown,mid,62.29,91.0,5.0,3.0,5.49,3.3,Hidden Gem - Promote Higher
November,12711593,triangle,unknown,unknown,mid,59.2,122.0,18.0,4.0,14.75,3.28,Hidden Gem - Promote Higher
November,26200150,unknown,unknown,unknown,mid,153.67,122.0,7.0,4.0,5.74,3.28,Hidden Gem - Promote Higher
November,5000708,janome,appliances,sewing_machine,premium,206.86,122.0,2.0,4.0,1.64,3.28,Hidden Gem - Promote Higher
November,17300468,unknown,unknown,unknown,mid,86.77,153.0,10.0,5.0,6.54,3.27,Hidden Gem - Promote Higher
November,12710973,powertrac,unknown,unknown,budget,27.63,153.0,23.0,5.0,15.03,3.27,Hidden Gem - Promote Higher
November,12715346,comforser,unknown,unknown,budget,40.67,153.0,14.0,5.0,9.15,3.27,Hidden Gem - Promote Higher
November,15200155,gigawatt,unknown,unknown,mid,98.32,92.0,3.0,3.0,3.26,3.26,Hidden Gem - Promote Higher
November,17301423,gucci,unknown,unknown,mid,82.77,92.0,3.0,3.0,3.26,3.26,Hidden Gem - Promote Higher
November,12719697,kapsen,unknown,unknown,mid,64.06,92.0,10.0,3.0,10.87,3.26,Hidden Gem - Promote Higher
November,26601755,lucente,unknown,unknown,mid,70.01,92.0,2.0,3.0,2.17,3.26,Hidden Gem - Promote Higher
November,100006963,yasin,electronics,video,mid,164.45,154.0,8.0,5.0,5.19,3.25,Hidden Gem - Promote Higher
November,27000040,sportelite,sport,trainer,premium,360.08,154.0,6.0,5.0,3.9,3.25,Hidden Gem - Promote Higher
November,26205412,unknown,unknown,unknown,mid,167.83,154.0,7.0,5.0,4.55,3.25,Hidden Gem - Promote Higher
November,3100040,philips,appliances,kitchen,mid,116.81,123.0,7.0,4.0,5.69,3.25,Hidden Gem - Promote Higher
November,12707537,unknown,unknown,unknown,mid,136.65,123.0,14.0,4.0,11.38,3.25,Hidden Gem - Promote Higher
November,2501907,dauscher,appliances,kitchen,mid,89.22,185.0,15.0,6.0,8.11,3.24,Hidden Gem - Promote Higher
November,6301863,tefal,appliances,kitchen,budget,46.5,124.0,4.0,4.0,3.23,3.23,Hidden Gem - Promote Higher
November,45100001,rozenbal,unknown,unknown,budget,12.74,124.0,2.0,4.0,1.61,3.23,Hidden Gem - Promote Higher
November,28722129,strobbs,apparel,shoes,mid,66.41,93.0,3.0,3.0,3.23,3.23,Hidden Gem - Promote Higher
November,6200916,unknown,appliances,environment,budget,39.03,93.0,10.0,3.0,10.75,3.23,Hidden Gem - Promote Higher
November,1801855,olto,electronics,video,mid,153.41,93.0,1.0,3.0,1.08,3.23,Hidden Gem - Promote Higher
November,4800358,plantronics,electronics,audio,budget,32.93,187.0,16.0,6.0,8.56,3.21,Hidden Gem - Promote Higher
November,17301059,unknown,unknown,unknown,mid,81.76,125.0,12.0,4.0,9.6,3.2,Hidden Gem - Promote Higher
November,1701026,hp,computers,peripherals,mid,101.76,125.0,3.0,4.0,2.4,3.2,Hidden Gem - Promote Higher
November,12711503,maxxis,unknown,unknown,budget,41.06,188.0,39.0,6.0,20.74,3.19,Hidden Gem - Promote Higher
November,12711052,tunga,unknown,unknown,budget,31.75,94.0,1.0,3.0,1.06,3.19,Hidden Gem - Promote Higher
November,21401217,casio,electronics,clocks,mid,52.56,189.0,3.0,6.0,1.59,3.17,Hidden Gem - Promote Higher
November,26400280,lucente,unknown,unknown,premium,245.82,158.0,19.0,5.0,12.03,3.16,Hidden Gem - Promote Higher
November,100004246,unknown,unknown,unknown,budget,36.01,95.0,2.0,3.0,2.11,3.16,Hidden Gem - Promote Higher
November,18300604,xiaomi,accessories,bag,budget,11.81,95.0,5.0,3.0,5.26,3.16,Hidden Gem - Promote Higher
November,12705188,unknown,unknown,unknown,budget,42.78,127.0,4.0,4.0,3.15,3.15,Hidden Gem - Promote Higher
November,26000317,unknown,unknown,unknown,budget,8.73,159.0,14.0,5.0,8.81,3.14,Hidden Gem - Promote Higher
November,3100667,elenberg,appliances,kitchen,budget,15.41,192.0,12.0,6.0,6.25,3.13,Hidden Gem - Promote Higher
November,4801583,kingston,electronics,audio,mid,57.2,128.0,3.0,4.0,2.34,3.13,Hidden Gem - Promote Higher
November,12703368,cordiant,unknown,unknown,mid,82.39,128.0,5.0,4.0,3.91,3.13,Hidden Gem - Promote Higher
November,7900704,joie,furniture,kitchen,mid,111.97,128.0,11.0,4.0,8.59,3.13,Hidden Gem - Promote Higher
November,26200713,unknown,unknown,unknown,mid,189.45,96.0,6.0,3.0,6.25,3.13,Hidden Gem - Promote Higher
November,28718397,rieker,apparel,shoes,mid,103.99,96.0,5.0,3.0,5.21,3.13,Hidden Gem - Promote Higher
November,9700278,aerocool,computers,components,mid,56.42,96.0,6.0,3.0,6.25,3.13,Hidden Gem - Promote Higher
November,19300028,unknown,appliances,ironing_board,budget,13.87,96.0,12.0,3.0,12.5,3.13,Hidden Gem - Promote Higher
November,26400189,unknown,unknown,unknown,mid,144.66,193.0,15.0,6.0,7.77,3.11,Hidden Gem - Promote Higher
November,5800281,unknown,electronics,audio,mid,80.02,161.0,4.0,5.0,2.48,3.11,Hidden Gem - Promote Higher
November,17301057,unknown,unknown,unknown,budget,39.06,161.0,10.0,5.0,6.21,3.11,Hidden Gem - Promote Higher
November,20100030,unknown,unknown,unknown,budget,28.29,161.0,14.0,5.0,8.7,3.11,Hidden Gem - Promote Higher
November,12719629,kapsen,unknown,unknown,budget,42.47,129.0,6.0,4.0,4.65,3.1,Hidden Gem - Promote Higher
November,12700736,unknown,unknown,unknown,budget,33.98,194.0,27.0,6.0,13.92,3.09,Hidden Gem - Promote Higher
November,5100351,apple,electronics,clocks,premium,316.47,162.0,14.0,5.0,8.64,3.09,Hidden Gem - Promote Higher
November,20100107,nika,unknown,unknown,budget,15.5,97.0,6.0,3.0,6.19,3.09,Hidden Gem - Promote Higher
November,26400965,unknown,unknown,unknown,mid,152.9,97.0,5.0,3.0,5.15,3.09,Hidden Gem - Promote Higher
November,26201120,lucente,unknown,unknown,mid,147.24,97.0,3.0,3.0,3.09,3.09,Hidden Gem - Promote Higher
November,12720194,roadx,unknown,unknown,budget,48.67,97.0,3.0,3.0,3.09,3.09,Hidden Gem - Promote Higher
November,12719054,triangle,unknown,unknown,mid,52.62,97.0,18.0,3.0,18.56,3.09,Hidden Gem - Promote Higher
November,12800055,transcend,unknown,unknown,budget,20.15,97.0,8.0,3.0,8.25,3.09,Hidden Gem - Promote Higher
November,4300402,scarlett,unknown,unknown,budget,22.69,130.0,4.0,4.0,3.08,3.08,Hidden Gem - Promote Higher
November,19100336,alteco,construction,tools,premium,208.5,130.0,5.0,4.0,3.85,3.08,Hidden Gem - Promote Higher
November,26203735,lucente,unknown,unknown,mid,148.52,130.0,1.0,4.0,0.77,3.08,Hidden Gem - Promote Higher
November,19200004,huter,construction,tools,mid,87.3,163.0,18.0,5.0,11.04,3.07,Hidden Gem - Promote Higher
November,4802026,awei,electronics,audio,budget,15.36,98.0,8.0,3.0,8.16,3.06,Hidden Gem - Promote Higher
November,6200323,electrolux,appliances,environment,mid,63.59,98.0,2.0,3.0,2.04,3.06,Hidden Gem - Promote Higher
November,9300105,panasonic,unknown,unknown,mid,99.41,98.0,2.0,3.0,2.04,3.06,Hidden Gem - Promote Higher
November,12720527,goodride,unknown,unknown,budget,30.66,98.0,17.0,3.0,17.35,3.06,Hidden Gem - Promote Higher
November,5301297,remington,unknown,unknown,budget,21.84,98.0,8.0,3.0,8.16,3.06,Hidden Gem - Promote Higher
November,2201039,canon,unknown,unknown,luxury,772.19,98.0,4.0,3.0,4.08,3.06,Hidden Gem - Promote Higher
November,26400685,unknown,unknown,unknown,premium,227.55,98.0,4.0,3.0,4.08,3.06,Hidden Gem - Promote Higher
November,55800015,lina,unknown,unknown,budget,36.04,98.0,3.0,3.0,3.06,3.06,Hidden Gem - Promote Higher
November,26401572,unknown,unknown,unknown,mid,129.99,197.0,10.0,6.0,5.08,3.05,Hidden Gem - Promote Higher
November,11300046,panasonic,electronics,telephone,mid,51.31,164.0,6.0,5.0,3.66,3.05,Hidden Gem - Promote Higher
November,1801837,rebus,electronics,video,mid,177.87,164.0,5.0,5.0,3.05,3.05,Hidden Gem - Promote Higher
November,6200909,unknown,appliances,environment,mid,62.5,131.0,13.0,4.0,9.92,3.05,Hidden Gem - Promote Higher
November,12700229,unknown,unknown,unknown,mid,61.77,131.0,15.0,4.0,11.45,3.05,Hidden Gem - Promote Higher
November,3900776,artel,appliances,environment,mid,85.92,198.0,20.0,6.0,10.1,3.03,Hidden Gem - Promote Higher
November,29100091,carhome,appliances,personal,budget,16.99,132.0,8.0,4.0,6.06,3.03,Hidden Gem - Promote Higher
November,1005172,tp-link,electronics,smartphone,mid,159.33,132.0,9.0,4.0,6.82,3.03,Hidden Gem - Promote Higher
November,28721989,nike,apparel,shoes,mid,133.83,99.0,1.0,3.0,1.01,3.03,Hidden Gem - Promote Higher
November,22400165,unknown,electronics,audio,budget,22.16,99.0,7.0,3.0,7.07,3.03,Hidden Gem - Promote Higher
November,18001292,samsung,unknown,unknown,budget,32.55,99.0,1.0,3.0,1.01,3.03,Hidden Gem - Promote Higher
November,5000027,toyota,appliances,sewing_machine,mid,121.19,99.0,6.0,3.0,6.06,3.03,Hidden Gem - Promote Higher
November,20100081,nika,unknown,unknown,budget,21.48,99.0,11.0,3.0,11.11,3.03,Hidden Gem - Promote Higher
November,21400579,casio,electronics,clocks,mid,72.87,199.0,9.0,6.0,4.52,3.02,Hidden Gem - Promote Higher
November,26204063,unknown,unknown,unknown,premium,229.35,166.0,3.0,5.0,1.81,3.01,Hidden Gem - Promote Higher
November,17301421,givenchy,unknown,unknown,mid,77.25,133.0,6.0,4.0,4.51,3.01,Hidden Gem - Promote Higher
November,11000190,maxwell,appliances,kitchen,budget,18.65,200.0,10.0,6.0,5.0,3.0,Hidden Gem - Promote Higher
November,40500103,apple,unknown,unknown,budget,26.38,100.0,0.0,3.0,0.0,3.0,Hidden Gem - Promote Higher
November,12703275,cordiant,unknown,unknown,mid,65.21,100.0,17.0,3.0,17.0,3.0,Hidden Gem - Promote Higher
November,12706554,viatti,unknown,unknown,budget,46.08,100.0,6.0,3.0,6.0,3.0,Hidden Gem - Promote Higher
November,8500125,unknown,unknown,unknown,premium,229.99,100.0,5.0,3.0,5.0,3.0,Hidden Gem - Promote Higher
October,3901196,haier,appliances,environment,mid,100.36,22.0,1.0,5.0,4.55,22.73,Hidden Gem - Promote Higher
October,12700774,michelin,unknown,unknown,mid,110.97,25.0,0.0,5.0,0.0,20.0,Hidden Gem - Promote Higher
October,18900135,canon,electronics,camera,luxury,851.35,21.0,0.0,4.0,0.0,19.05,Hidden Gem - Promote Higher
October,8000308,bambola,unknown,unknown,budget,25.94,33.0,0.0,6.0,0.0,18.18,Hidden Gem - Promote Higher
October,16200102,sweety,kids,fmcg,budget,15.81,22.0,0.0,4.0,0.0,18.18,Hidden Gem - Promote Higher
October,1500267,hp,computers,peripherals,premium,443.15,23.0,0.0,4.0,0.0,17.39,Hidden Gem - Promote Higher
October,12719537,pirelli,unknown,unknown,mid,105.53,24.0,0.0,4.0,0.0,16.67,Hidden Gem - Promote Higher
October,12713560,triangle,unknown,unknown,premium,319.18,25.0,0.0,4.0,0.0,16.0,Hidden Gem - Promote Higher
October,19700022,nutrilon,unknown,unknown,budget,13.52,26.0,0.0,4.0,0.0,15.38,Hidden Gem - Promote Higher
October,16200137,pampers,kids,fmcg,budget,5.51,20.0,0.0,3.0,0.0,15.0,Hidden Gem - Promote Higher
October,12708501,toyo,unknown,unknown,mid,111.97,20.0,0.0,3.0,0.0,15.0,Hidden Gem - Promote Higher
October,1306004,lenovo,computers,notebook,premium,249.43,20.0,0.0,3.0,0.0,15.0,Hidden Gem - Promote Higher
October,12708498,nitto,unknown,unknown,mid,86.53,20.0,0.0,3.0,0.0,15.0,Hidden Gem - Promote Higher
October,28718156,unknown,apparel,shoes,budget,45.13,27.0,0.0,4.0,0.0,14.81,Hidden Gem - Promote Higher
October,34800111,unknown,unknown,unknown,budget,43.32,21.0,0.0,3.0,0.0,14.29,Hidden Gem - Promote Higher
October,15200839,kainar,unknown,unknown,budget,38.35,21.0,0.0,3.0,0.0,14.29,Hidden Gem - Promote Higher
October,24100136,unknown,unknown,unknown,budget,7.58,21.0,0.0,3.0,0.0,14.29,Hidden Gem - Promote Higher
October,21400075,boccia,electronics,clocks,mid,96.53,21.0,0.0,3.0,0.0,14.29,Hidden Gem - Promote Higher
October,3601446,lg,appliances,kitchen,premium,398.98,21.0,0.0,3.0,0.0,14.29,Hidden Gem - Promote Higher
October,12720107,roadx,unknown,unknown,budget,47.92,22.0,0.0,3.0,0.0,13.64,Hidden Gem - Promote Higher
October,11900058,unknown,unknown,unknown,mid,96.82,22.0,0.0,3.0,0.0,13.64,Hidden Gem - Promote Higher
October,15300368,apacer,unknown,unknown,budget,17.99,37.0,0.0,5.0,0.0,13.51,Hidden Gem - Promote Higher
October,6500548,asus,computers,components,premium,210.28,37.0,0.0,5.0,0.0,13.51,Hidden Gem - Promote Higher
October,2240034,olympus,unknown,unknown,luxury,912.02,45.0,0.0,6.0,0.0,13.33,Hidden Gem - Promote Higher
October,12712071,yokohama,unknown,unknown,mid,98.57,30.0,0.0,4.0,0.0,13.33,Hidden Gem - Promote Higher
October,12700635,goodyear,unknown,unknown,mid,142.6,23.0,3.0,3.0,13.04,13.04,Hidden Gem - Promote Higher
October,16700000,sv,furniture,kitchen,budget,38.71,23.0,0.0,3.0,0.0,13.04,Hidden Gem - Promote Higher
October,12720732,unknown,unknown,unknown,mid,52.77,23.0,0.0,3.0,0.0,13.04,Hidden Gem - Promote Higher
October,4000157,galaxy,construction,tools,mid,50.19,23.0,0.0,3.0,0.0,13.04,Hidden Gem - Promote Higher
October,12707375,tyrex,unknown,unknown,premium,293.44,23.0,0.0,3.0,0.0,13.04,Hidden Gem - Promote Higher
October,12701118,pirelli,unknown,unknown,mid,159.33,23.0,4.0,3.0,17.39,13.04,Hidden Gem - Promote Higher
October,5800645,kicx,electronics,audio,mid,157.28,40.0,0.0,5.0,0.0,12.5,Hidden Gem - Promote Higher
October,12719447,toway,unknown,unknown,premium,262.04,40.0,0.0,5.0,0.0,12.5,Hidden Gem - Promote Higher
October,26001044,unknown,unknown,unknown,budget,8.67,24.0,0.0,3.0,0.0,12.5,Hidden Gem - Promote Higher
October,12712105,maxtrek,unknown,unknown,mid,53.54,24.0,0.0,3.0,0.0,12.5,Hidden Gem - Promote Higher
October,3801070,panasonic,appliances,iron,budget,26.49,41.0,1.0,5.0,2.44,12.2,Hidden Gem - Promote Higher
October,5500325,philips,unknown,unknown,mid,70.92,33.0,4.0,4.0,12.12,12.12,Hidden Gem - Promote Higher
October,4201541,artel,appliances,environment,luxury,898.35,83.0,0.0,10.0,0.0,12.05,Hidden Gem - Promote Higher
October,12701282,triangle,unknown,unknown,mid,62.09,50.0,3.0,6.0,6.0,12.0,Hidden Gem - Promote Higher
October,17300873,byredo,unknown,unknown,premium,247.03,25.0,0.0,3.0,0.0,12.0,Hidden Gem - Promote Higher
October,10502209,hasbro,unknown,unknown,budget,38.59,25.0,0.0,3.0,0.0,12.0,Hidden Gem - Promote Higher
October,11400702,ansmann,unknown,unknown,budget,30.86,25.0,0.0,3.0,0.0,12.0,Hidden Gem - Promote Higher
October,12713342,maxxis,unknown,unknown,mid,122.53,25.0,0.0,3.0,0.0,12.0,Hidden Gem - Promote Higher
October,12720493,sunwide,unknown,unknown,budget,37.97,25.0,0.0,3.0,0.0,12.0,Hidden Gem - Promote Higher
October,12703363,cordiant,unknown,unknown,mid,74.65,26.0,0.0,3.0,0.0,11.54,Hidden Gem - Promote Higher
October,9600151,syma,unknown,unknown,mid,88.81,26.0,0.0,3.0,0.0,11.54,Hidden Gem - Promote Higher
October,19100276,dewalt,construction,tools,mid,140.16,26.0,0.0,3.0,0.0,11.54,Hidden Gem - Promote Higher
October,11900046,unknown,unknown,unknown,mid,92.0,26.0,0.0,3.0,0.0,11.54,Hidden Gem - Promote Higher
October,2800677,unknown,appliances,kitchen,premium,213.39,26.0,0.0,3.0,0.0,11.54,Hidden Gem - Promote Higher
October,12708255,unknown,unknown,unknown,mid,127.91,70.0,0.0,8.0,0.0,11.43,Hidden Gem - Promote Higher
October,8500420,unknown,unknown,unknown,premium,310.88,35.0,0.0,4.0,0.0,11.43,Hidden Gem - Promote Higher
October,12704611,nokian,unknown,unknown,mid,92.08,35.0,0.0,4.0,0.0,11.43,Hidden Gem - Promote Higher
October,12713497,continental,unknown,unknown,mid,68.99,35.0,1.0,4.0,2.86,11.43,Hidden Gem - Promote Higher
October,17301675,unknown,unknown,unknown,mid,62.93,35.0,0.0,4.0,0.0,11.43,Hidden Gem - Promote Higher
October,12710977,powertrac,unknown,unknown,budget,33.6,123.0,0.0,14.0,0.0,11.38,Hidden Gem - Promote Higher
October,26026982,unknown,unknown,unknown,budget,6.07,45.0,0.0,5.0,0.0,11.11,Hidden Gem - Promote Higher
October,4501253,beko,appliances,kitchen,premium,254.04,27.0,0.0,3.0,0.0,11.11,Hidden Gem - Promote Higher
October,28714829,escan,apparel,shoes,budget,49.03,37.0,0.0,4.0,0.0,10.81,Hidden Gem - Promote Higher
October,12703862,toyo,unknown,unknown,budget,48.14,56.0,0.0,6.0,0.0,10.71,Hidden Gem - Promote Higher
October,12703510,nokian,unknown,unknown,mid,103.22,47.0,3.0,5.0,6.38,10.64,Hidden Gem - Promote Higher
October,3900883,garanterm,appliances,environment,mid,94.44,48.0,0.0,5.0,0.0,10.42,Hidden Gem - Promote Higher
October,16200321,huggies,kids,fmcg,budget,17.25,29.0,0.0,3.0,0.0,10.34,Hidden Gem - Promote Higher
October,16200326,huggies,kids,fmcg,budget,17.25,29.0,0.0,3.0,0.0,10.34,Hidden Gem - Promote Higher
October,12710001,bridgestone,unknown,unknown,mid,180.89,29.0,0.0,3.0,0.0,10.34,Hidden Gem - Promote Higher
October,19600323,glamglow,unknown,unknown,budget,54.97,29.0,0.0,3.0,0.0,10.34,Hidden Gem - Promote Higher
October,12700768,michelin,unknown,unknown,premium,210.53,29.0,0.0,3.0,0.0,10.34,Hidden Gem - Promote Higher
October,12900125,hp,stationery,cartrige,budget,10.51,29.0,0.0,3.0,0.0,10.34,Hidden Gem - Promote Higher
October,28714191,greyder,apparel,shoes,mid,87.52,29.0,0.0,3.0,0.0,10.34,Hidden Gem - Promote Higher
October,17300389,burberry,unknown,unknown,mid,67.69,29.0,0.0,3.0,0.0,10.34,Hidden Gem - Promote Higher
October,12716368,kapsen,unknown,unknown,budget,46.31,29.0,0.0,3.0,0.0,10.34,Hidden Gem - Promote Higher
October,12708386,unknown,unknown,unknown,mid,121.93,29.0,0.0,3.0,0.0,10.34,Hidden Gem - Promote Higher
October,17300923,unknown,unknown,unknown,budget,20.73,39.0,0.0,4.0,0.0,10.26,Hidden Gem - Promote Higher
October,12703121,continental,unknown,unknown,mid,165.05,39.0,2.0,4.0,5.13,10.26,Hidden Gem - Promote Higher
October,17302407,unknown,unknown,unknown,mid,188.6,49.0,0.0,5.0,0.0,10.2,Hidden Gem - Promote Higher
October,12708241,tyrex,unknown,unknown,premium,267.7,49.0,0.0,5.0,0.0,10.2,Hidden Gem - Promote Higher
October,11500320,sony,unknown,unknown,budget,45.96,49.0,2.0,5.0,4.08,10.2,Hidden Gem - Promote Higher
October,12718208,yokohama,unknown,unknown,mid,69.07,60.0,0.0,6.0,0.0,10.0,Hidden Gem - Promote Higher
October,12705573,viatti,unknown,unknown,budget,45.56,40.0,0.0,4.0,0.0,10.0,Hidden Gem - Promote Higher
October,17300211,unknown,unknown,unknown,budget,26.69,40.0,0.0,4.0,0.0,10.0,Hidden Gem - Promote Higher
October,17303076,creed,unknown,unknown,mid,50.19,30.0,0.0,3.0,0.0,10.0,Hidden Gem - Promote Higher
October,2800259,unknown,appliances,kitchen,premium,393.81,30.0,0.0,3.0,0.0,10.0,Hidden Gem - Promote Higher
October,1802043,vestel,electronics,video,luxury,772.19,30.0,0.0,3.0,0.0,10.0,Hidden Gem - Promote Higher
October,12709267,triangle,unknown,unknown,mid,51.78,30.0,1.0,3.0,3.33,10.0,Hidden Gem - Promote Higher
October,19700149,nutricia,unknown,unknown,budget,11.02,30.0,0.0,3.0,0.0,10.0,Hidden Gem - Promote Higher
October,15200501,bars,unknown,unknown,budget,42.51,30.0,0.0,3.0,0.0,10.0,Hidden Gem - Promote Higher
October,15300249,transcend,unknown,unknown,budget,6.25,30.0,1.0,3.0,3.33,10.0,Hidden Gem - Promote Higher
October,3100720,braun,appliances,kitchen,budget,45.84,30.0,0.0,3.0,0.0,10.0,Hidden Gem - Promote Higher
October,12200504,unknown,sport,bicycle,mid,51.48,30.0,0.0,3.0,0.0,10.0,Hidden Gem - Promote Higher
October,15200847,bars,unknown,unknown,mid,59.2,61.0,0.0,6.0,0.0,9.84,Hidden Gem - Promote Higher
October,12720196,roadx,unknown,unknown,budget,36.55,82.0,0.0,8.0,0.0,9.76,Hidden Gem - Promote Higher
October,12711624,yokohama,unknown,unknown,mid,89.74,41.0,0.0,4.0,0.0,9.76,Hidden Gem - Promote Higher
October,8200391,polini,unknown,unknown,mid,74.62,41.0,0.0,4.0,0.0,9.76,Hidden Gem - Promote Higher
October,9101073,logitech,computers,peripherals,mid,121.96,31.0,1.0,3.0,3.23,9.68,Hidden Gem - Promote Higher
October,12711339,maxxis,unknown,unknown,mid,66.25,31.0,0.0,3.0,0.0,9.68,Hidden Gem - Promote Higher
October,12701616,matador,unknown,unknown,budget,44.27,31.0,0.0,3.0,0.0,9.68,Hidden Gem - Promote Higher
October,3800106,bosch,appliances,iron,mid,121.13,31.0,2.0,3.0,6.45,9.68,Hidden Gem - Promote Higher
October,12711572,triangle,unknown,unknown,mid,67.09,31.0,0.0,3.0,0.0,9.68,Hidden Gem - Promote Higher
October,13800437,colombo,furniture,bathroom,budget,41.14,31.0,0.0,3.0,0.0,9.68,Hidden Gem - Promote Higher
October,10900005,braun,appliances,kitchen,budget,43.72,42.0,4.0,4.0,9.52,9.52,Hidden Gem - Promote Higher
October,28716720,unknown,apparel,shoes,mid,60.2,32.0,0.0,3.0,0.0,9.38,Hidden Gem - Promote Higher
October,12718848,roadstone,unknown,unknown,mid,65.9,32.0,0.0,3.0,0.0,9.38,Hidden Gem - Promote Higher
October,12702017,nokian,unknown,unknown,budget,44.53,32.0,2.0,3.0,6.25,9.38,Hidden Gem - Promote Higher
October,4501891,electrolux,appliances,kitchen,premium,282.76,32.0,2.0,3.0,6.25,9.38,Hidden Gem - Promote Higher
October,16200315,huggies,kids,fmcg,budget,18.19,32.0,0.0,3.0,0.0,9.38,Hidden Gem - Promote Higher
October,16200065,merries,kids,fmcg,budget,20.0,32.0,0.0,3.0,0.0,9.38,Hidden Gem - Promote Higher
October,12719455,unknown,unknown,unknown,premium,320.21,32.0,0.0,3.0,0.0,9.38,Hidden Gem - Promote Higher
October,12702905,cordiant,unknown,unknown,budget,37.61,97.0,0.0,9.0,0.0,9.28,Hidden Gem - Promote Higher
October,3900217,garanterm,appliances,environment,mid,88.33,77.0,1.0,7.0,1.3,9.09,Hidden Gem - Promote Higher
October,19700115,nestogen,unknown,unknown,budget,6.48,66.0,0.0,6.0,0.0,9.09,Hidden Gem - Promote Higher
October,12701334,yokohama,unknown,unknown,mid,93.07,55.0,0.0,5.0,0.0,9.09,Hidden Gem - Promote Higher
October,5200144,pocketbook,computers,ebooks,mid,162.12,44.0,0.0,4.0,0.0,9.09,Hidden Gem - Promote Higher
October,8300344,unknown,unknown,unknown,budget,43.32,33.0,0.0,3.0,0.0,9.09,Hidden Gem - Promote Higher
October,12703737,goodyear,unknown,unknown,mid,136.43,33.0,0.0,3.0,0.0,9.09,Hidden Gem - Promote Higher
October,5801506,kicx,electronics,audio,budget,27.03,33.0,0.0,3.0,0.0,9.09,Hidden Gem - Promote Higher
October,12707276,nokian,unknown,unknown,mid,73.62,33.0,2.0,3.0,6.06,9.09,Hidden Gem - Promote Higher
October,34800567,carfashion,unknown,unknown,mid,89.84,33.0,0.0,3.0,0.0,9.09,Hidden Gem - Promote Higher
October,12700973,nokian,unknown,unknown,mid,51.82,33.0,1.0,3.0,3.03,9.09,Hidden Gem - Promote Higher
October,17301371,montblanc,unknown,unknown,budget,31.36,33.0,1.0,3.0,3.03,9.09,Hidden Gem - Promote Higher
October,14300330,medeli,electronics,audio,mid,177.61,33.0,0.0,3.0,0.0,9.09,Hidden Gem - Promote Higher
October,29502171,mammut,unknown,unknown,budget,17.89,33.0,0.0,3.0,0.0,9.09,Hidden Gem - Promote Higher
October,15300044,unknown,unknown,unknown,budget,4.8,33.0,0.0,3.0,0.0,9.09,Hidden Gem - Promote Higher
October,1201478,lenovo,electronics,tablet,premium,203.09,45.0,0.0,4.0,0.0,8.89,Hidden Gem - Promote Higher
October,18500059,huion,electronics,tablet,luxury,635.47,45.0,2.0,4.0,4.44,8.89,Hidden Gem - Promote Higher
October,16200187,pampers,kids,fmcg,budget,13.44,34.0,0.0,3.0,0.0,8.82,Hidden Gem - Promote Higher
October,12703434,cordiant,unknown,unknown,budget,42.47,34.0,0.0,3.0,0.0,8.82,Hidden Gem - Promote Higher
October,4801321,harper,electronics,audio,budget,12.84,34.0,0.0,3.0,0.0,8.82,Hidden Gem - Promote Higher
October,7101815,unknown,furniture,bedroom,mid,115.81,34.0,0.0,3.0,0.0,8.82,Hidden Gem - Promote Higher
October,26011910,unknown,unknown,unknown,budget,5.94,46.0,0.0,4.0,0.0,8.7,Hidden Gem - Promote Higher
October,28800052,unknown,unknown,unknown,budget,3.47,46.0,0.0,4.0,0.0,8.7,Hidden Gem - Promote Higher
October,12703607,maxxis,unknown,unknown,mid,85.4,46.0,0.0,4.0,0.0,8.7,Hidden Gem - Promote Higher
October,26300724,unknown,unknown,unknown,mid,167.55,46.0,0.0,4.0,0.0,8.7,Hidden Gem - Promote Higher
October,6301925,bosch,appliances,kitchen,mid,69.56,35.0,0.0,3.0,0.0,8.57,Hidden Gem - Promote Higher
October,20100098,nika,unknown,unknown,budget,23.95,35.0,0.0,3.0,0.0,8.57,Hidden Gem - Promote Higher
October,17303033,unknown,unknown,unknown,budget,20.7,35.0,0.0,3.0,0.0,8.57,Hidden Gem - Promote Higher
October,5400762,unknown,unknown,unknown,budget,43.25,35.0,3.0,3.0,8.57,8.57,Hidden Gem - Promote Higher
October,4201166,tcl,appliances,environment,premium,295.88,35.0,0.0,3.0,0.0,8.57,Hidden Gem - Promote Higher
October,12712786,triangle,unknown,unknown,budget,48.44,96.0,0.0,8.0,0.0,8.33,Hidden Gem - Promote Higher
October,12716717,kapsen,unknown,unknown,mid,54.83,72.0,0.0,6.0,0.0,8.33,Hidden Gem - Promote Higher
October,15300369,apacer,unknown,unknown,budget,9.22,60.0,0.0,5.0,0.0,8.33,Hidden Gem - Promote Higher
October,17301059,unknown,unknown,unknown,mid,80.67,48.0,0.0,4.0,0.0,8.33,Hidden Gem - Promote Higher
October,15201186,genesis,unknown,unknown,budget,48.14,36.0,0.0,3.0,0.0,8.33,Hidden Gem - Promote Higher
October,12708156,goodyear,unknown,unknown,premium,376.33,36.0,0.0,3.0,0.0,8.33,Hidden Gem - Promote Higher
October,12701269,triangle,unknown,unknown,mid,54.05,36.0,0.0,3.0,0.0,8.33,Hidden Gem - Promote Higher
October,26203491,sokolov,unknown,unknown,mid,104.67,36.0,0.0,3.0,0.0,8.33,Hidden Gem - Promote Higher
October,5701011,unknown,auto,accessories,premium,265.67,36.0,0.0,3.0,0.0,8.33,Hidden Gem - Promote Higher
October,28800019,wess,unknown,unknown,budget,3.34,36.0,0.0,3.0,0.0,8.33,Hidden Gem - Promote Higher
October,3100888,scarlett,appliances,kitchen,mid,77.23,36.0,0.0,3.0,0.0,8.33,Hidden Gem - Promote Higher
October,6301456,elenberg,appliances,kitchen,budget,46.31,97.0,8.0,8.0,8.25,8.25,Hidden Gem - Promote Higher
October,51000002,bosch,appliances,environment,premium,318.41,61.0,0.0,5.0,0.0,8.2,Hidden Gem - Promote Higher
October,12705589,unknown,unknown,unknown,budget,49.11,49.0,0.0,4.0,0.0,8.16,Hidden Gem - Promote Higher
October,12702935,cordiant,unknown,unknown,mid,92.41,49.0,1.0,4.0,2.04,8.16,Hidden Gem - Promote Higher
October,53300023,modern,unknown,unknown,budget,28.29,49.0,6.0,4.0,12.24,8.16,Hidden Gem - Promote Higher
October,12701402,yokohama,unknown,unknown,mid,94.84,74.0,0.0,6.0,0.0,8.11,Hidden Gem - Promote Higher
October,12710321,yokohama,unknown,unknown,mid,70.53,74.0,1.0,6.0,1.35,8.11,Hidden Gem - Promote Higher
October,11500457,sven,unknown,unknown,budget,19.54,37.0,0.0,3.0,0.0,8.11,Hidden Gem - Promote Higher
October,12711594,triangle,unknown,unknown,mid,60.8,37.0,0.0,3.0,0.0,8.11,Hidden Gem - Promote Higher
October,19200057,p.i.t.,construction,tools,mid,89.81,37.0,0.0,3.0,0.0,8.11,Hidden Gem - Promote Higher
October,12705571,viatti,unknown,unknown,budget,39.0,37.0,0.0,3.0,0.0,8.11,Hidden Gem - Promote Higher
October,12707942,bridgestone,unknown,unknown,budget,46.33,50.0,1.0,4.0,2.0,8.0,Hidden Gem - Promote Higher
October,12709085,michelin,unknown,unknown,mid,73.36,88.0,0.0,7.0,0.0,7.95,Hidden Gem - Promote Higher
October,3700764,samsung,appliances,environment,mid,87.23,63.0,2.0,5.0,3.17,7.94,Hidden Gem - Promote Higher
October,15300135,kingston,unknown,unknown,budget,4.3,38.0,1.0,3.0,2.63,7.89,Hidden Gem - Promote Higher
October,26016825,unknown,unknown,unknown,budget,12.87,38.0,0.0,3.0,0.0,7.89,Hidden Gem - Promote Higher
October,1801375,vestel,electronics,video,premium,333.72,38.0,0.0,3.0,0.0,7.89,Hidden Gem - Promote Higher
October,4803763,unknown,electronics,audio,budget,28.29,38.0,0.0,3.0,0.0,7.89,Hidden Gem - Promote Higher
October,5301241,vitek,unknown,unknown,budget,28.24,38.0,0.0,3.0,0.0,7.89,Hidden Gem - Promote Higher
October,4802160,jbl,electronics,audio,budget,8.53,38.0,1.0,3.0,2.63,7.89,Hidden Gem - Promote Higher
October,11000168,delonghi,appliances,kitchen,mid,101.54,38.0,0.0,3.0,0.0,7.89,Hidden Gem - Promote Higher
October,15900260,unknown,unknown,unknown,budget,22.91,51.0,0.0,4.0,0.0,7.84,Hidden Gem - Promote Higher
October,12700908,nokian,unknown,unknown,budget,46.59,182.0,9.0,14.0,4.95,7.69,Hidden Gem - Promote Higher
October,12712237,goodyear,unknown,unknown,budget,43.76,104.0,1.0,8.0,0.96,7.69,Hidden Gem - Promote Higher
October,15300317,transcend,unknown,unknown,budget,6.32,52.0,2.0,4.0,3.85,7.69,Hidden Gem - Promote Higher
October,5301782,vitek,unknown,unknown,budget,17.3,52.0,0.0,4.0,0.0,7.69,Hidden Gem - Promote Higher
October,1802105,arg,electronics,video,premium,290.24,39.0,3.0,3.0,7.69,7.69,Hidden Gem - Promote Higher
October,5800284,morel,electronics,audio,mid,60.23,39.0,0.0,3.0,0.0,7.69,Hidden Gem - Promote Higher
October,18900368,canon,electronics,camera,premium,448.36,39.0,0.0,3.0,0.0,7.69,Hidden Gem - Promote Higher
October,21800016,unknown,computers,peripherals,budget,20.57,39.0,0.0,3.0,0.0,7.69,Hidden Gem - Promote Higher
October,24900206,unknown,unknown,unknown,budget,1.09,39.0,0.0,3.0,0.0,7.69,Hidden Gem - Promote Higher
October,9200684,unknown,computers,peripherals,budget,22.89,39.0,0.0,3.0,0.0,7.69,Hidden Gem - Promote Higher
October,12719423,cordiant,unknown,unknown,mid,53.8,53.0,0.0,4.0,0.0,7.55,Hidden Gem - Promote Higher
October,3601140,renova,appliances,kitchen,mid,95.56,53.0,0.0,4.0,0.0,7.55,Hidden Gem - Promote Higher
October,26200298,unknown,unknown,unknown,mid,158.82,53.0,0.0,4.0,0.0,7.55,Hidden Gem - Promote Higher
October,2800610,unknown,appliances,kitchen,premium,249.81,40.0,0.0,3.0,0.0,7.5,Hidden Gem - Promote Higher
October,17500105,gosh,unknown,unknown,budget,14.69,40.0,0.0,3.0,0.0,7.5,Hidden Gem - Promote Higher
October,5701223,unknown,auto,accessories,premium,287.93,40.0,0.0,3.0,0.0,7.5,Hidden Gem - Promote Higher
October,13700159,erlit,unknown,unknown,premium,470.85,81.0,0.0,6.0,0.0,7.41,Hidden Gem - Promote Higher
October,16200236,huggies,kids,fmcg,budget,20.17,54.0,0.0,4.0,0.0,7.41,Hidden Gem - Promote Higher
October,12718428,cordiant,unknown,unknown,budget,43.5,54.0,0.0,4.0,0.0,7.41,Hidden Gem - Promote Higher
October,10502507,unknown,unknown,unknown,mid,58.31,54.0,0.0,4.0,0.0,7.41,Hidden Gem - Promote Higher
October,12705221,viatti,unknown,unknown,mid,71.56,54.0,0.0,4.0,0.0,7.41,Hidden Gem - Promote Higher
October,16200120,moony,kids,fmcg,budget,18.78,54.0,0.0,4.0,0.0,7.41,Hidden Gem - Promote Higher
October,15200138,racer,unknown,unknown,mid,128.27,68.0,0.0,5.0,0.0,7.35,Hidden Gem - Promote Higher
October,1307133,lenovo,computers,notebook,luxury,687.02,41.0,0.0,3.0,0.0,7.32,Hidden Gem - Promote Higher
October,17301781,unknown,unknown,unknown,budget,28.31,41.0,0.0,3.0,0.0,7.32,Hidden Gem - Promote Higher
October,6301922,elenberg,appliances,kitchen,budget,20.57,41.0,1.0,3.0,2.44,7.32,Hidden Gem - Promote Higher
October,12711569,triangle,unknown,unknown,mid,62.57,69.0,0.0,5.0,0.0,7.25,Hidden Gem - Promote Higher
October,13103867,trebl,unknown,unknown,mid,55.6,69.0,0.0,5.0,0.0,7.25,Hidden Gem - Promote Higher
October,12710856,michelin,unknown,unknown,premium,214.63,111.0,4.0,8.0,3.6,7.21,Hidden Gem - Promote Higher
October,10700970,unknown,unknown,unknown,budget,33.52,84.0,1.0,6.0,1.19,7.14,Hidden Gem - Promote Higher
October,12718843,toyo,unknown,unknown,mid,51.48,70.0,2.0,5.0,2.86,7.14,Hidden Gem - Promote Higher
October,12712693,bridgestone,unknown,unknown,mid,51.49,56.0,0.0,4.0,0.0,7.14,Hidden Gem - Promote Higher
October,4100301,sony,unknown,unknown,premium,493.4,56.0,0.0,4.0,0.0,7.14,Hidden Gem - Promote Higher
October,12712695,bridgestone,unknown,unknown,mid,49.93,56.0,0.0,4.0,0.0,7.14,Hidden Gem - Promote Higher
October,5700928,unknown,auto,accessories,premium,218.77,42.0,0.0,3.0,0.0,7.14,Hidden Gem - Promote Higher
October,12702399,matador,unknown,unknown,mid,63.94,57.0,0.0,4.0,0.0,7.02,Hidden Gem - Promote Higher
October,4600552,bosch,appliances,kitchen,luxury,632.34,57.0,2.0,4.0,3.51,7.02,Hidden Gem - Promote Higher
October,12715192,matador,unknown,unknown,mid,57.66,57.0,0.0,4.0,0.0,7.02,Hidden Gem - Promote Higher
October,6301501,gorenje,appliances,kitchen,mid,61.75,57.0,0.0,4.0,0.0,7.02,Hidden Gem - Promote Higher
October,12709272,triangle,unknown,unknown,mid,61.86,72.0,0.0,5.0,0.0,6.94,Hidden Gem - Promote Higher
October,6902464,zlatek,furniture,living_room,mid,54.55,58.0,0.0,4.0,0.0,6.9,Hidden Gem - Promote Higher
October,5800828,mystery,electronics,audio,mid,96.53,44.0,0.0,3.0,0.0,6.82,Hidden Gem - Promote Higher
October,12704916,cordiant,unknown,unknown,mid,57.92,44.0,0.0,3.0,0.0,6.82,Hidden Gem - Promote Higher
October,11100327,scarlett,appliances,personal,budget,8.58,44.0,0.0,3.0,0.0,6.82,Hidden Gem - Promote Higher
October,8200309,unknown,unknown,unknown,mid,82.34,44.0,0.0,3.0,0.0,6.82,Hidden Gem - Promote Higher
October,26011919,unknown,unknown,unknown,budget,3.48,44.0,0.0,3.0,0.0,6.82,Hidden Gem - Promote Higher
October,11000235,redmond,appliances,kitchen,budget,42.96,44.0,0.0,3.0,0.0,6.82,Hidden Gem - Promote Higher
October,9101262,kingston,computers,peripherals,mid,60.29,44.0,1.0,3.0,2.27,6.82,Hidden Gem - Promote Higher
October,17301689,unknown,unknown,unknown,mid,81.09,44.0,0.0,3.0,0.0,6.82,Hidden Gem - Promote Higher
October,17301619,gucci,unknown,unknown,mid,70.22,44.0,0.0,3.0,0.0,6.82,Hidden Gem - Promote Higher
October,7900912,chicco,furniture,kitchen,premium,250.81,59.0,1.0,4.0,1.69,6.78,Hidden Gem - Promote Higher
October,1201405,apple,electronics,tablet,luxury,1064.88,104.0,2.0,7.0,1.92,6.73,Hidden Gem - Promote Higher
October,1801530,lg,electronics,video,luxury,1106.82,75.0,2.0,5.0,2.67,6.67,Hidden Gem - Promote Higher
October,12711589,triangle,unknown,unknown,mid,51.69,60.0,0.0,4.0,0.0,6.67,Hidden Gem - Promote Higher
October,12707445,triangle,unknown,unknown,mid,52.57,60.0,0.0,4.0,0.0,6.67,Hidden Gem - Promote Higher
October,10900302,scarlett,appliances,kitchen,budget,17.99,45.0,0.0,3.0,0.0,6.67,Hidden Gem - Promote Higher
October,15200296,voltman,unknown,unknown,mid,70.65,45.0,0.0,3.0,0.0,6.67,Hidden Gem - Promote Higher
October,11400235,continent,unknown,unknown,budget,9.76,45.0,0.0,3.0,0.0,6.67,Hidden Gem - Promote Higher
October,12704182,triangle,unknown,unknown,mid,82.37,45.0,0.0,3.0,0.0,6.67,Hidden Gem - Promote Higher
October,36000003,vinzer,appliances,kitchen,budget,36.5,45.0,0.0,3.0,0.0,6.67,Hidden Gem - Promote Higher
October,15300319,transcend,unknown,unknown,budget,11.04,45.0,3.0,3.0,6.67,6.67,Hidden Gem - Promote Higher
October,6801059,seagate,computers,components,mid,65.9,122.0,4.0,8.0,3.28,6.56,Hidden Gem - Promote Higher
October,12720105,roadx,unknown,unknown,budget,45.9,61.0,0.0,4.0,0.0,6.56,Hidden Gem - Promote Higher
October,8901420,chicco,kids,toys,budget,38.98,61.0,1.0,4.0,1.64,6.56,Hidden Gem - Promote Higher
October,12702303,nokian,unknown,unknown,mid,112.68,61.0,3.0,4.0,4.92,6.56,Hidden Gem - Promote Higher
October,1802072,philips,electronics,video,premium,411.83,92.0,3.0,6.0,3.26,6.52,Hidden Gem - Promote Higher
October,8901554,chicco,kids,toys,budget,45.28,46.0,1.0,3.0,2.17,6.52,Hidden Gem - Promote Higher
October,19300006,perilla,appliances,ironing_board,budget,40.97,46.0,4.0,3.0,8.7,6.52,Hidden Gem - Promote Higher
October,6902345,lorelli,furniture,living_room,mid,78.38,46.0,1.0,3.0,2.17,6.52,Hidden Gem - Promote Higher
October,20100154,nika,unknown,unknown,budget,29.04,46.0,0.0,3.0,0.0,6.52,Hidden Gem - Promote Higher
October,7300212,transcend,unknown,unknown,mid,72.71,77.0,3.0,5.0,3.9,6.49,Hidden Gem - Promote Higher
October,12703376,cordiant,unknown,unknown,mid,59.81,186.0,2.0,12.0,1.08,6.45,Hidden Gem - Promote Higher
October,12706044,toyo,unknown,unknown,mid,86.03,62.0,0.0,4.0,0.0,6.45,Hidden Gem - Promote Higher
October,5300300,elenberg,unknown,unknown,budget,9.94,188.0,7.0,12.0,3.72,6.38,Hidden Gem - Promote Higher
October,12700930,nokian,unknown,unknown,mid,54.77,94.0,5.0,6.0,5.32,6.38,Hidden Gem - Promote Higher
October,1005030,xiaomi,electronics,smartphone,mid,126.88,47.0,1.0,3.0,2.13,6.38,Hidden Gem - Promote Higher
October,12703502,cordiant,unknown,unknown,budget,37.32,47.0,0.0,3.0,0.0,6.38,Hidden Gem - Promote Higher
October,5801698,kicx,electronics,audio,budget,30.63,47.0,0.0,3.0,0.0,6.38,Hidden Gem - Promote Higher
October,7006183,hp,kids,carriage,mid,74.49,47.0,1.0,3.0,2.13,6.38,Hidden Gem - Promote Higher
October,26017849,unknown,unknown,unknown,budget,7.15,47.0,0.0,3.0,0.0,6.38,Hidden Gem - Promote Higher
October,28715763,nexpero,apparel,shoes,mid,68.33,47.0,0.0,3.0,0.0,6.38,Hidden Gem - Promote Higher
October,15200016,akom,unknown,unknown,mid,66.93,47.0,0.0,3.0,0.0,6.38,Hidden Gem - Promote Higher
October,4100312,nintendo,unknown,unknown,mid,90.4,142.0,0.0,9.0,0.0,6.34,Hidden Gem - Promote Higher
October,29501511,unknown,unknown,unknown,budget,12.74,79.0,0.0,5.0,0.0,6.33,Hidden Gem - Promote Higher
October,1307216,hp,computers,notebook,premium,488.82,64.0,0.0,4.0,0.0,6.25,Hidden Gem - Promote Higher
October,18001394,samsung,unknown,unknown,budget,5.12,48.0,1.0,3.0,2.08,6.25,Hidden Gem - Promote Higher
October,22500012,brateck,unknown,unknown,budget,9.64,48.0,1.0,3.0,2.08,6.25,Hidden Gem - Promote Higher
October,6301239,bosch,appliances,kitchen,mid,56.09,48.0,1.0,3.0,2.08,6.25,Hidden Gem - Promote Higher
October,34800480,carfashion,unknown,unknown,mid,54.83,48.0,0.0,3.0,0.0,6.25,Hidden Gem - Promote Higher
October,29501917,bsn,unknown,unknown,mid,67.86,48.0,0.0,3.0,0.0,6.25,Hidden Gem - Promote Higher
October,8200310,unknown,unknown,unknown,mid,82.34,48.0,2.0,3.0,4.17,6.25,Hidden Gem - Promote Higher
October,2601437,gefest,unknown,unknown,premium,308.86,48.0,0.0,3.0,0.0,6.25,Hidden Gem - Promote Higher
October,12709927,maxxis,unknown,unknown,mid,96.66,113.0,0.0,7.0,0.0,6.19,Hidden Gem - Promote Higher
October,12719869,roadx,unknown,unknown,mid,59.79,81.0,0.0,5.0,0.0,6.17,Hidden Gem - Promote Higher
October,12714587,unknown,unknown,unknown,mid,51.8,65.0,0.0,4.0,0.0,6.15,Hidden Gem - Promote Higher
October,17301640,unknown,unknown,unknown,mid,88.35,49.0,0.0,3.0,0.0,6.12,Hidden Gem - Promote Higher
October,25400008,unknown,unknown,unknown,budget,43.48,49.0,0.0,3.0,0.0,6.12,Hidden Gem - Promote Higher
October,7900883,peg-perego,furniture,kitchen,premium,284.58,49.0,2.0,3.0,4.08,6.12,Hidden Gem - Promote Higher
October,11300050,panasonic,electronics,telephone,mid,69.51,49.0,2.0,3.0,4.08,6.12,Hidden Gem - Promote Higher
October,6300759,tefal,appliances,kitchen,mid,52.66,82.0,1.0,5.0,1.22,6.1,Hidden Gem - Promote Higher
October,12800022,kingston,unknown,unknown,budget,5.39,82.0,1.0,5.0,1.22,6.1,Hidden Gem - Promote Higher
October,3601138,artel,appliances,kitchen,mid,93.75,82.0,0.0,5.0,0.0,6.1,Hidden Gem - Promote Higher
October,13103656,rimax,unknown,unknown,premium,270.28,115.0,0.0,7.0,0.0,6.09,Hidden Gem - Promote Higher
October,12701336,yokohama,unknown,unknown,mid,106.95,132.0,4.0,8.0,3.03,6.06,Hidden Gem - Promote Higher
October,7900927,peg-perego,furniture,kitchen,premium,283.82,99.0,2.0,6.0,2.02,6.06,Hidden Gem - Promote Higher
October,15201187,genesis,unknown,unknown,mid,71.82,99.0,0.0,6.0,0.0,6.06,Hidden Gem - Promote Higher
October,18500060,xp-pen,electronics,tablet,premium,429.61,66.0,0.0,4.0,0.0,6.06,Hidden Gem - Promote Higher
October,12700112,nokian,unknown,unknown,mid,75.81,66.0,1.0,4.0,1.52,6.06,Hidden Gem - Promote Higher
October,28300780,karya,accessories,wallet,budget,33.46,83.0,0.0,5.0,0.0,6.02,Hidden Gem - Promote Higher
October,12800417,kingston,unknown,unknown,budget,5.19,83.0,3.0,5.0,3.61,6.02,Hidden Gem - Promote Higher
October,26200637,unknown,unknown,unknown,mid,89.94,100.0,0.0,6.0,0.0,6.0,Hidden Gem - Promote Higher
October,3700676,tefal,appliances,environment,premium,360.58,50.0,0.0,3.0,0.0,6.0,Hidden Gem - Promote Higher
October,12800780,samsung,unknown,unknown,budget,40.37,50.0,1.0,3.0,2.0,6.0,Hidden Gem - Promote Higher
October,12709597,yokohama,unknown,unknown,mid,76.4,50.0,0.0,3.0,0.0,6.0,Hidden Gem - Promote Higher
October,1801638,harper,electronics,video,mid,152.01,50.0,0.0,3.0,0.0,6.0,Hidden Gem - Promote Higher
October,12701264,triangle,unknown,unknown,budget,49.45,185.0,0.0,11.0,0.0,5.95,Hidden Gem - Promote Higher
October,39500015,qiangchi,unknown,unknown,mid,177.35,84.0,0.0,5.0,0.0,5.95,Hidden Gem - Promote Higher
October,8800817,elari,electronics,telephone,budget,30.79,170.0,4.0,10.0,2.35,5.88,Hidden Gem - Promote Higher
October,12705044,tigar,unknown,unknown,mid,67.69,85.0,3.0,5.0,3.53,5.88,Hidden Gem - Promote Higher
October,12711568,triangle,unknown,unknown,mid,54.06,68.0,0.0,4.0,0.0,5.88,Hidden Gem - Promote Higher
October,11500335,jbl,unknown,unknown,mid,192.57,51.0,0.0,3.0,0.0,5.88,Hidden Gem - Promote Higher
October,3100402,polaris,appliances,kitchen,budget,45.65,51.0,2.0,3.0,3.92,5.88,Hidden Gem - Promote Higher
October,6800225,braun,appliances,kitchen,budget,42.3,51.0,7.0,3.0,13.73,5.88,Hidden Gem - Promote Higher
October,12703401,maxxis,unknown,unknown,mid,65.18,51.0,0.0,3.0,0.0,5.88,Hidden Gem - Promote Higher
October,8200442,polini,unknown,unknown,mid,64.33,51.0,1.0,3.0,1.96,5.88,Hidden Gem - Promote Higher
October,26017873,unknown,unknown,unknown,budget,5.25,69.0,0.0,4.0,0.0,5.8,Hidden Gem - Promote Higher
October,11100216,scarlett,appliances,personal,budget,12.74,69.0,2.0,4.0,2.9,5.8,Hidden Gem - Promote Higher
October,15901528,unknown,unknown,unknown,budget,39.9,69.0,0.0,4.0,0.0,5.8,Hidden Gem - Promote Higher
October,12711147,tunga,unknown,unknown,budget,30.12,190.0,0.0,11.0,0.0,5.79,Hidden Gem - Promote Higher
October,3601349,artel,appliances,kitchen,mid,118.92,190.0,0.0,11.0,0.0,5.79,Hidden Gem - Promote Higher
October,6200706,unknown,appliances,environment,budget,35.43,104.0,6.0,6.0,5.77,5.77,Hidden Gem - Promote Higher
October,7600251,d-link,unknown,unknown,budget,15.42,52.0,0.0,3.0,0.0,5.77,Hidden Gem - Promote Higher
October,12710361,maxxis,unknown,unknown,mid,85.07,52.0,0.0,3.0,0.0,5.77,Hidden Gem - Promote Higher
October,26403342,unknown,unknown,unknown,mid,198.46,52.0,0.0,3.0,0.0,5.77,Hidden Gem - Promote Higher
October,12701303,triangle,unknown,unknown,mid,76.15,52.0,3.0,3.0,5.77,5.77,Hidden Gem - Promote Higher
October,38100123,coty,unknown,unknown,budget,14.57,139.0,0.0,8.0,0.0,5.76,Hidden Gem - Promote Higher
October,12705536,viatti,unknown,unknown,budget,38.48,175.0,7.0,10.0,4.0,5.71,Hidden Gem - Promote Higher
October,20900154,delsey,unknown,unknown,mid,94.16,70.0,1.0,4.0,1.43,5.71,Hidden Gem - Promote Higher
October,12708151,sava,unknown,unknown,premium,329.22,70.0,0.0,4.0,0.0,5.71,Hidden Gem - Promote Higher
October,1801794,elenberg,electronics,video,premium,326.1,88.0,4.0,5.0,4.55,5.68,Hidden Gem - Promote Higher
October,12720193,roadx,unknown,unknown,budget,46.5,88.0,0.0,5.0,0.0,5.68,Hidden Gem - Promote Higher
October,1701169,lg,computers,peripherals,mid,170.75,106.0,2.0,6.0,1.89,5.66,Hidden Gem - Promote Higher
October,25200318,xiaomi,unknown,unknown,budget,38.38,53.0,1.0,3.0,1.89,5.66,Hidden Gem - Promote Higher
October,12708612,goodyear,unknown,unknown,premium,419.32,53.0,1.0,3.0,1.89,5.66,Hidden Gem - Promote Higher
October,23300424,unknown,unknown,unknown,budget,22.34,53.0,0.0,3.0,0.0,5.66,Hidden Gem - Promote Higher
October,17300945,unknown,unknown,unknown,budget,23.15,53.0,0.0,3.0,0.0,5.66,Hidden Gem - Promote Higher
October,9800313,unknown,unknown,unknown,budget,32.28,53.0,0.0,3.0,0.0,5.66,Hidden Gem - Promote Higher
October,12719066,triangle,unknown,unknown,mid,58.58,71.0,0.0,4.0,0.0,5.63,Hidden Gem - Promote Higher
October,12709955,yokohama,unknown,unknown,mid,81.79,178.0,1.0,10.0,0.56,5.62,Hidden Gem - Promote Higher
October,26015499,unknown,unknown,unknown,budget,4.7,125.0,0.0,7.0,0.0,5.6,Hidden Gem - Promote Higher
October,12711556,triangle,unknown,unknown,budget,44.62,180.0,0.0,10.0,0.0,5.56,Hidden Gem - Promote Higher
October,6700826,palit,computers,components,mid,168.08,144.0,9.0,8.0,6.25,5.56,Hidden Gem - Promote Higher
October,12718335,unknown,unknown,unknown,budget,32.18,90.0,0.0,5.0,0.0,5.56,Hidden Gem - Promote Higher
October,1701063,samsung,computers,peripherals,premium,300.94,72.0,6.0,4.0,8.33,5.56,Hidden Gem - Promote Higher
October,3601074,artel,appliances,kitchen,mid,93.75,72.0,0.0,4.0,0.0,5.56,Hidden Gem - Promote Higher
October,9002782,bestoy,kids,toys,mid,56.63,72.0,0.0,4.0,0.0,5.56,Hidden Gem - Promote Higher
October,12711561,triangle,unknown,unknown,mid,56.58,72.0,1.0,4.0,1.39,5.56,Hidden Gem - Promote Higher
October,12600002,delonghi,appliances,kitchen,mid,167.2,54.0,3.0,3.0,5.56,5.56,Hidden Gem - Promote Higher
October,12711944,kormoran,unknown,unknown,mid,75.34,54.0,0.0,3.0,0.0,5.56,Hidden Gem - Promote Higher
October,4802986,samsung,electronics,audio,budget,46.95,54.0,0.0,3.0,0.0,5.56,Hidden Gem - Promote Higher
October,15200017,akom,unknown,unknown,mid,77.22,73.0,0.0,4.0,0.0,5.48,Hidden Gem - Promote Higher
October,15200281,akom,unknown,unknown,mid,64.45,183.0,0.0,10.0,0.0,5.46,Hidden Gem - Promote Higher
October,12500210,unknown,unknown,unknown,budget,42.7,55.0,1.0,3.0,1.82,5.45,Hidden Gem - Promote Higher
October,11500445,xiaomi,unknown,unknown,budget,24.45,55.0,0.0,3.0,0.0,5.45,Hidden Gem - Promote Higher
October,5301759,elenberg,unknown,unknown,budget,16.56,92.0,5.0,5.0,5.43,5.43,Hidden Gem - Promote Higher
October,8700270,vitek,appliances,personal,budget,17.99,92.0,0.0,5.0,0.0,5.43,Hidden Gem - Promote Higher
October,3801293,scarlett,appliances,iron,budget,28.15,74.0,0.0,4.0,0.0,5.41,Hidden Gem - Promote Higher
October,16700027,unknown,furniture,kitchen,budget,28.29,74.0,0.0,4.0,0.0,5.41,Hidden Gem - Promote Higher
October,12703275,cordiant,unknown,unknown,mid,64.09,74.0,0.0,4.0,0.0,5.41,Hidden Gem - Promote Higher
October,12800633,apacer,unknown,unknown,budget,4.69,74.0,0.0,4.0,0.0,5.41,Hidden Gem - Promote Higher
October,12702993,cordiant,unknown,unknown,mid,58.95,130.0,6.0,7.0,4.62,5.38,Hidden Gem - Promote Higher
October,27900004,unknown,unknown,unknown,mid,59.2,93.0,0.0,5.0,0.0,5.38,Hidden Gem - Promote Higher
October,12800087,kingston,unknown,unknown,budget,5.45,93.0,4.0,5.0,4.3,5.38,Hidden Gem - Promote Higher
October,18500036,wacom,electronics,tablet,mid,115.25,56.0,2.0,3.0,3.57,5.36,Hidden Gem - Promote Higher
October,28717498,respect,apparel,shoes,mid,64.64,56.0,0.0,3.0,0.0,5.36,Hidden Gem - Promote Higher
October,45300022,joie,kids,swing,premium,215.96,56.0,0.0,3.0,0.0,5.36,Hidden Gem - Promote Higher
October,4803161,defender,electronics,audio,budget,10.02,56.0,1.0,3.0,1.79,5.36,Hidden Gem - Promote Higher
October,15200787,genesis,unknown,unknown,mid,54.54,56.0,0.0,3.0,0.0,5.36,Hidden Gem - Promote Higher
October,1700678,samsung,computers,peripherals,premium,322.12,56.0,1.0,3.0,1.79,5.36,Hidden Gem - Promote Higher
October,30100092,unknown,unknown,unknown,budget,37.94,56.0,0.0,3.0,0.0,5.36,Hidden Gem - Promote Higher
October,12717103,cordiant,unknown,unknown,budget,41.1,75.0,2.0,4.0,2.67,5.33,Hidden Gem - Promote Higher
October,1600585,epson,computers,peripherals,premium,205.62,75.0,1.0,4.0,1.33,5.33,Hidden Gem - Promote Higher
October,17300339,unknown,unknown,unknown,budget,32.35,75.0,0.0,4.0,0.0,5.33,Hidden Gem - Promote Higher
October,5301192,philips,unknown,unknown,mid,58.03,75.0,4.0,4.0,5.33,5.33,Hidden Gem - Promote Higher
October,26201819,unknown,unknown,unknown,mid,144.15,94.0,0.0,5.0,0.0,5.32,Hidden Gem - Promote Higher
October,12711989,triangle,unknown,unknown,budget,49.25,94.0,0.0,5.0,0.0,5.32,Hidden Gem - Promote Higher
October,19300000,braun,appliances,ironing_board,mid,100.36,94.0,4.0,5.0,4.26,5.32,Hidden Gem - Promote Higher
October,11300020,panasonic,electronics,telephone,budget,42.22,113.0,5.0,6.0,4.42,5.31,Hidden Gem - Promote Higher
October,4100299,nintendo,unknown,unknown,premium,370.47,133.0,1.0,7.0,0.75,5.26,Hidden Gem - Promote Higher
October,26204000,unknown,unknown,unknown,mid,117.63,95.0,0.0,5.0,0.0,5.26,Hidden Gem - Promote Higher
October,3801099,philips,appliances,iron,mid,106.54,95.0,0.0,5.0,0.0,5.26,Hidden Gem - Promote Higher
October,13000021,sony,unknown,unknown,mid,68.7,95.0,4.0,5.0,4.21,5.26,Hidden Gem - Promote Higher
October,16200054,merries,kids,fmcg,budget,19.74,76.0,1.0,4.0,1.32,5.26,Hidden Gem - Promote Higher
October,6302209,scarlett,appliances,kitchen,budget,21.65,76.0,4.0,4.0,5.26,5.26,Hidden Gem - Promote Higher
October,19200070,unknown,construction,tools,mid,109.53,57.0,0.0,3.0,0.0,5.26,Hidden Gem - Promote Higher
October,13105324,nitro,unknown,unknown,premium,262.56,57.0,0.0,3.0,0.0,5.26,Hidden Gem - Promote Higher
October,6100253,unknown,auto,accessories,mid,87.41,57.0,0.0,3.0,0.0,5.26,Hidden Gem - Promote Higher
October,12709040,goodyear,unknown,unknown,mid,52.0,134.0,2.0,7.0,1.49,5.22,Hidden Gem - Promote Higher
October,3200571,dauscher,appliances,kitchen,budget,45.82,96.0,0.0,5.0,0.0,5.21,Hidden Gem - Promote Higher
October,15300180,samsung,unknown,unknown,budget,28.18,77.0,7.0,4.0,9.09,5.19,Hidden Gem - Promote Higher
October,12704533,gislaved,unknown,unknown,mid,51.25,58.0,6.0,3.0,10.34,5.17,Hidden Gem - Promote Higher
October,29100046,bradex,appliances,personal,budget,28.29,58.0,2.0,3.0,3.45,5.17,Hidden Gem - Promote Higher
October,19300088,nika,appliances,ironing_board,budget,32.64,58.0,0.0,3.0,0.0,5.17,Hidden Gem - Promote Higher
October,15900062,rondell,unknown,unknown,budget,12.11,58.0,1.0,3.0,1.72,5.17,Hidden Gem - Promote Higher
October,1801931,saturn,electronics,video,premium,244.28,117.0,1.0,6.0,0.85,5.13,Hidden Gem - Promote Higher
October,21401315,casio,electronics,clocks,budget,28.05,78.0,0.0,4.0,0.0,5.13,Hidden Gem - Promote Higher
October,22400111,ritmix,electronics,audio,budget,3.59,78.0,0.0,4.0,0.0,5.13,Hidden Gem - Promote Higher
October,12704667,nokian,unknown,unknown,budget,45.56,196.0,6.0,10.0,3.06,5.1,Hidden Gem - Promote Higher
October,8700154,polaris,appliances,personal,budget,11.06,98.0,2.0,5.0,2.04,5.1,Hidden Gem - Promote Higher
October,12714714,tunga,unknown,unknown,budget,43.76,98.0,1.0,5.0,1.02,5.1,Hidden Gem - Promote Higher
October,11600000,microlab,computers,desktop,budget,27.4,59.0,4.0,3.0,6.78,5.08,Hidden Gem - Promote Higher
October,11500740,havit,unknown,unknown,budget,49.69,59.0,2.0,3.0,3.39,5.08,Hidden Gem - Promote Higher
October,28401252,unknown,accessories,bag,mid,80.69,59.0,0.0,3.0,0.0,5.08,Hidden Gem - Promote Higher
October,12202384,matrix,sport,bicycle,mid,102.95,59.0,0.0,3.0,0.0,5.08,Hidden Gem - Promote Higher
October,12400112,unknown,construction,tools,mid,64.61,59.0,0.0,3.0,0.0,5.08,Hidden Gem - Promote Higher
October,26300594,vega,unknown,unknown,budget,14.16,59.0,0.0,3.0,0.0,5.08,Hidden Gem - Promote Higher
October,11000000,vitek,appliances,kitchen,budget,33.24,138.0,5.0,7.0,3.62,5.07,Hidden Gem - Promote Higher
October,12800418,kingston,unknown,unknown,budget,9.58,79.0,5.0,4.0,6.33,5.06,Hidden Gem - Promote Higher
October,26400467,unknown,unknown,unknown,mid,172.46,99.0,0.0,5.0,0.0,5.05,Hidden Gem - Promote Higher
October,11400257,remax,unknown,unknown,budget,27.63,99.0,5.0,5.0,5.05,5.05,Hidden Gem - Promote Higher
October,12703497,cordiant,unknown,unknown,budget,41.19,139.0,1.0,7.0,0.72,5.04,Hidden Gem - Promote Higher
October,5301260,vitek,unknown,unknown,budget,24.21,119.0,7.0,6.0,5.88,5.04,Hidden Gem - Promote Higher
October,5300280,rowenta,unknown,unknown,budget,36.96,179.0,9.0,9.0,5.03,5.03,Hidden Gem - Promote Higher
October,26204331,unknown,unknown,unknown,mid,137.27,120.0,0.0,6.0,0.0,5.0,Hidden Gem - Promote Higher
October,12709857,viatti,unknown,unknown,budget,39.51,120.0,0.0,6.0,0.0,5.0,Hidden Gem - Promote Higher
October,8000295,alis,unknown,unknown,budget,21.59,120.0,0.0,6.0,0.0,5.0,Hidden Gem - Promote Higher
October,5400799,unknown,unknown,unknown,premium,243.05,80.0,4.0,4.0,5.0,5.0,Hidden Gem - Promote Higher
October,27400040,oral-b,unknown,unknown,budget,17.99,80.0,0.0,4.0,0.0,5.0,Hidden Gem - Promote Higher
October,15200775,varta,unknown,unknown,mid,119.63,80.0,0.0,4.0,0.0,5.0,Hidden Gem - Promote Higher
October,12701253,triangle,unknown,unknown,mid,74.93,80.0,0.0,4.0,0.0,5.0,Hidden Gem - Promote Higher
October,6800050,toshiba,computers,components,budget,43.24,60.0,2.0,3.0,3.33,5.0,Hidden Gem - Promote Higher
October,5800506,avatar,electronics,audio,budget,41.19,60.0,0.0,3.0,0.0,5.0,Hidden Gem - Promote Higher
October,12708393,goodyear,unknown,unknown,mid,77.22,60.0,0.0,3.0,0.0,5.0,Hidden Gem - Promote Higher
October,16100643,agness,unknown,unknown,budget,38.16,60.0,0.0,3.0,0.0,5.0,Hidden Gem - Promote Higher
October,12702928,matador,unknown,unknown,budget,36.72,181.0,12.0,9.0,6.63,4.97,Hidden Gem - Promote Higher
October,17300182,unknown,unknown,unknown,budget,27.78,121.0,0.0,6.0,0.0,4.96,Hidden Gem - Promote Higher
October,17300760,moschino,unknown,unknown,mid,63.32,162.0,0.0,8.0,0.0,4.94,Hidden Gem - Promote Higher
October,6800869,adata,computers,components,budget,36.15,81.0,1.0,4.0,1.23,4.94,Hidden Gem - Promote Higher
October,6600003,kingston,computers,components,budget,38.35,81.0,0.0,4.0,0.0,4.94,Hidden Gem - Promote Higher
October,26400219,unknown,unknown,unknown,premium,249.64,122.0,0.0,6.0,0.0,4.92,Hidden Gem - Promote Higher
October,12702931,cordiant,unknown,unknown,budget,34.24,122.0,2.0,6.0,1.64,4.92,Hidden Gem - Promote Higher
October,10900007,polaris,appliances,kitchen,budget,27.04,61.0,0.0,3.0,0.0,4.92,Hidden Gem - Promote Higher
October,26401615,unknown,unknown,unknown,mid,186.88,61.0,0.0,3.0,0.0,4.92,Hidden Gem - Promote Higher
October,21402958,casio,electronics,clocks,budget,30.37,61.0,0.0,3.0,0.0,4.92,Hidden Gem - Promote Higher
October,7202529,ausini,unknown,unknown,budget,18.05,61.0,0.0,3.0,0.0,4.92,Hidden Gem - Promote Higher
October,12701073,pirelli,unknown,unknown,mid,82.76,61.0,0.0,3.0,0.0,4.92,Hidden Gem - Promote Higher
October,14100370,fender,electronics,audio,premium,366.92,61.0,0.0,3.0,0.0,4.92,Hidden Gem - Promote Higher
October,5800729,kicx,electronics,audio,budget,29.34,102.0,0.0,5.0,0.0,4.9,Hidden Gem - Promote Higher
October,17302702,montale,unknown,unknown,budget,19.94,102.0,0.0,5.0,0.0,4.9,Hidden Gem - Promote Higher
October,26403247,unknown,unknown,unknown,mid,79.54,82.0,0.0,4.0,0.0,4.88,Hidden Gem - Promote Higher
October,16600083,rivertoys,unknown,unknown,premium,223.69,103.0,0.0,5.0,0.0,4.85,Hidden Gem - Promote Higher
October,14100407,cort,electronics,audio,mid,150.96,103.0,0.0,5.0,0.0,4.85,Hidden Gem - Promote Higher
October,26203279,sokolov,unknown,unknown,mid,157.79,103.0,0.0,5.0,0.0,4.85,Hidden Gem - Promote Higher
October,2800474,dauscher,appliances,kitchen,premium,282.93,103.0,0.0,5.0,0.0,4.85,Hidden Gem - Promote Higher
October,26201610,unknown,unknown,unknown,mid,186.22,62.0,0.0,3.0,0.0,4.84,Hidden Gem - Promote Higher
October,3800195,braun,appliances,iron,mid,52.48,62.0,0.0,3.0,0.0,4.84,Hidden Gem - Promote Higher
October,8901163,unknown,kids,toys,budget,16.71,62.0,0.0,3.0,0.0,4.84,Hidden Gem - Promote Higher
October,4100163,nintendo,unknown,unknown,premium,430.95,62.0,5.0,3.0,8.06,4.84,Hidden Gem - Promote Higher
October,5300640,vitek,unknown,unknown,budget,25.84,62.0,0.0,3.0,0.0,4.84,Hidden Gem - Promote Higher
October,3901175,haier,appliances,environment,mid,74.62,62.0,3.0,3.0,4.84,4.84,Hidden Gem - Promote Higher
October,12700712,matador,unknown,unknown,mid,65.64,145.0,6.0,7.0,4.14,4.83,Hidden Gem - Promote Higher
October,1306980,acer,computers,notebook,luxury,500.54,83.0,9.0,4.0,10.84,4.82,Hidden Gem - Promote Higher
October,12700981,nokian,unknown,unknown,mid,79.65,104.0,7.0,5.0,6.73,4.81,Hidden Gem - Promote Higher
October,8500134,daewoo,unknown,unknown,luxury,589.93,125.0,0.0,6.0,0.0,4.8,Hidden Gem - Promote Higher
October,11200189,bbk,appliances,personal,budget,20.3,125.0,4.0,6.0,3.2,4.8,Hidden Gem - Promote Higher
October,26400330,lucente,unknown,unknown,premium,258.76,125.0,0.0,6.0,0.0,4.8,Hidden Gem - Promote Higher
October,12706442,nokian,unknown,unknown,mid,73.1,188.0,0.0,9.0,0.0,4.79,Hidden Gem - Promote Higher
October,8700025,remington,appliances,personal,budget,39.52,147.0,1.0,7.0,0.68,4.76,Hidden Gem - Promote Higher
October,2601704,dauscher,unknown,unknown,premium,255.34,126.0,3.0,6.0,2.38,4.76,Hidden Gem - Promote Higher
October,2601917,haier,unknown,unknown,premium,482.11,84.0,1.0,4.0,1.19,4.76,Hidden Gem - Promote Higher
October,17800698,zeta,computers,desktop,mid,122.82,84.0,0.0,4.0,0.0,4.76,Hidden Gem - Promote Higher
October,16300123,kukmara,unknown,unknown,budget,25.71,63.0,3.0,3.0,4.76,4.76,Hidden Gem - Promote Higher
October,12717989,michelin,unknown,unknown,mid,158.43,63.0,3.0,3.0,4.76,4.76,Hidden Gem - Promote Higher
October,45300023,joie,kids,swing,premium,215.96,63.0,0.0,3.0,0.0,4.76,Hidden Gem - Promote Higher
October,2601292,gefest,unknown,unknown,budget,46.7,63.0,0.0,3.0,0.0,4.76,Hidden Gem - Promote Higher
October,17301401,montblanc,unknown,unknown,mid,59.12,63.0,0.0,3.0,0.0,4.76,Hidden Gem - Promote Higher
October,12700730,viatti,unknown,unknown,budget,34.24,190.0,0.0,9.0,0.0,4.74,Hidden Gem - Promote Higher
October,3900535,electrolux,appliances,environment,mid,105.37,148.0,6.0,7.0,4.05,4.73,Hidden Gem - Promote Higher
October,3801203,philips,appliances,iron,mid,131.23,127.0,4.0,6.0,3.15,4.72,Hidden Gem - Promote Higher
October,6301343,galaxy,appliances,kitchen,budget,41.37,64.0,0.0,3.0,0.0,4.69,Hidden Gem - Promote Higher
October,6800871,adata,computers,components,budget,23.66,64.0,2.0,3.0,3.13,4.69,Hidden Gem - Promote Higher
October,12700819,nokian,unknown,unknown,mid,148.01,64.0,0.0,3.0,0.0,4.69,Hidden Gem - Promote Higher
October,1004844,prestigio,electronics,smartphone,mid,84.84,64.0,0.0,3.0,0.0,4.69,Hidden Gem - Promote Higher
October,5301789,scarlett,unknown,unknown,budget,7.7,171.0,14.0,8.0,8.19,4.68,Hidden Gem - Promote Higher
October,9100965,steelseries,computers,peripherals,mid,52.86,150.0,4.0,7.0,2.67,4.67,Hidden Gem - Promote Higher
October,3701359,bosch,appliances,environment,mid,181.27,129.0,0.0,6.0,0.0,4.65,Hidden Gem - Promote Higher
October,12719241,yokohama,unknown,unknown,mid,89.76,86.0,0.0,4.0,0.0,4.65,Hidden Gem - Promote Higher
October,1306316,apple,computers,notebook,luxury,1612.55,86.0,0.0,4.0,0.0,4.65,Hidden Gem - Promote Higher
October,17500130,unknown,unknown,unknown,budget,45.68,86.0,0.0,4.0,0.0,4.65,Hidden Gem - Promote Higher
October,6200074,timberk,appliances,environment,mid,49.23,86.0,1.0,4.0,1.16,4.65,Hidden Gem - Promote Higher
October,13103333,trebl,unknown,unknown,mid,67.44,86.0,0.0,4.0,0.0,4.65,Hidden Gem - Promote Higher
October,12700939,nokian,unknown,unknown,mid,75.96,108.0,8.0,5.0,7.41,4.63,Hidden Gem - Promote Higher
October,1801924,samsung,electronics,video,luxury,1930.29,65.0,0.0,3.0,0.0,4.62,Hidden Gem - Promote Higher
October,19200037,huter,construction,tools,mid,85.65,152.0,5.0,7.0,3.29,4.61,Hidden Gem - Promote Higher
October,12706780,nokian,unknown,unknown,budget,41.44,174.0,6.0,8.0,3.45,4.6,Hidden Gem - Promote Higher
October,17300995,lacoste,unknown,unknown,mid,54.54,174.0,2.0,8.0,1.15,4.6,Hidden Gem - Promote Higher
October,1801769,shivaki,electronics,video,premium,239.72,87.0,0.0,4.0,0.0,4.6,Hidden Gem - Promote Higher
October,26200686,unknown,unknown,unknown,mid,159.08,87.0,0.0,4.0,0.0,4.6,Hidden Gem - Promote Higher
October,26001187,unknown,unknown,unknown,budget,6.11,87.0,0.0,4.0,0.0,4.6,Hidden Gem - Promote Higher
October,26402655,unknown,unknown,unknown,premium,370.52,109.0,0.0,5.0,0.0,4.59,Hidden Gem - Promote Higher
October,2800597,leadbros,appliances,kitchen,mid,191.8,153.0,0.0,7.0,0.0,4.58,Hidden Gem - Promote Higher
October,17301368,adidas,unknown,unknown,budget,8.75,131.0,0.0,6.0,0.0,4.58,Hidden Gem - Promote Higher
October,12716924,sunfull,unknown,unknown,mid,54.06,88.0,0.0,4.0,0.0,4.55,Hidden Gem - Promote Higher
October,12710347,yokohama,unknown,unknown,mid,91.53,66.0,0.0,3.0,0.0,4.55,Hidden Gem - Promote Higher
October,1801969,lg,electronics,video,luxury,749.08,66.0,2.0,3.0,3.03,4.55,Hidden Gem - Promote Higher
October,1802070,philips,electronics,video,luxury,566.27,66.0,5.0,3.0,7.58,4.55,Hidden Gem - Promote Higher
October,12700718,nokian,unknown,unknown,budget,40.41,66.0,1.0,3.0,1.52,4.55,Hidden Gem - Promote Higher
October,10900096,polaris,appliances,kitchen,budget,32.22,156.0,9.0,7.0,5.77,4.49,Hidden Gem - Promote Higher
October,12719044,triangle,unknown,unknown,budget,44.02,67.0,0.0,3.0,0.0,4.48,Hidden Gem - Promote Higher
October,1005090,tecno,electronics,smartphone,mid,66.67,67.0,0.0,3.0,0.0,4.48,Hidden Gem - Promote Higher
October,5300917,redmond,unknown,unknown,budget,31.23,67.0,6.0,3.0,8.96,4.48,Hidden Gem - Promote Higher
October,26023902,unknown,unknown,unknown,budget,7.09,67.0,0.0,3.0,0.0,4.48,Hidden Gem - Promote Higher
October,2600376,unknown,unknown,unknown,mid,198.17,67.0,0.0,3.0,0.0,4.48,Hidden Gem - Promote Higher
October,26403288,unknown,unknown,unknown,premium,269.51,67.0,0.0,3.0,0.0,4.48,Hidden Gem - Promote Higher
October,5301129,philips,unknown,unknown,budget,35.56,67.0,10.0,3.0,14.93,4.48,Hidden Gem - Promote Higher
October,6902133,joie,furniture,living_room,mid,143.89,67.0,0.0,3.0,0.0,4.48,Hidden Gem - Promote Higher
October,9300065,sony,unknown,unknown,luxury,561.27,67.0,2.0,3.0,2.99,4.48,Hidden Gem - Promote Higher
October,12706263,nokian,unknown,unknown,mid,136.43,112.0,2.0,5.0,1.79,4.46,Hidden Gem - Promote Higher
October,12703368,cordiant,unknown,unknown,mid,82.33,135.0,1.0,6.0,0.74,4.44,Hidden Gem - Promote Higher
October,12712067,powertrac,unknown,unknown,budget,47.99,90.0,0.0,4.0,0.0,4.44,Hidden Gem - Promote Higher
October,12704971,viatti,unknown,unknown,budget,40.54,90.0,0.0,4.0,0.0,4.44,Hidden Gem - Promote Higher
October,4804132,huawei,electronics,audio,budget,10.14,113.0,3.0,5.0,2.65,4.42,Hidden Gem - Promote Higher
October,12707533,unknown,unknown,unknown,mid,126.7,68.0,0.0,3.0,0.0,4.41,Hidden Gem - Promote Higher
October,11300052,texet,electronics,telephone,budget,17.25,68.0,1.0,3.0,1.47,4.41,Hidden Gem - Promote Higher
October,3300274,redmond,unknown,unknown,mid,76.34,68.0,0.0,3.0,0.0,4.41,Hidden Gem - Promote Higher
October,8200065,unknown,unknown,unknown,mid,69.47,114.0,3.0,5.0,2.63,4.39,Hidden Gem - Promote Higher
October,12711619,hifly,unknown,unknown,mid,72.33,114.0,0.0,5.0,0.0,4.39,Hidden Gem - Promote Higher
October,4800282,samsung,electronics,audio,budget,37.57,184.0,5.0,8.0,2.72,4.35,Hidden Gem - Promote Higher
October,11900017,unknown,unknown,unknown,mid,91.13,138.0,4.0,6.0,2.9,4.35,Hidden Gem - Promote Higher
October,12714908,matador,unknown,unknown,budget,46.08,115.0,0.0,5.0,0.0,4.35,Hidden Gem - Promote Higher
October,2800442,unknown,appliances,kitchen,premium,249.4,92.0,0.0,4.0,0.0,4.35,Hidden Gem - Promote Higher
October,1802106,arg,electronics,video,premium,299.4,92.0,8.0,4.0,8.7,4.35,Hidden Gem - Promote Higher
October,3900218,garanterm,appliances,environment,mid,102.06,69.0,0.0,3.0,0.0,4.35,Hidden Gem - Promote Higher
October,3701306,dyson,appliances,environment,luxury,571.42,69.0,0.0,3.0,0.0,4.35,Hidden Gem - Promote Higher
October,18300141,sumdex,accessories,bag,budget,16.73,69.0,5.0,3.0,7.25,4.35,Hidden Gem - Promote Higher
October,4200543,elenberg,appliances,environment,premium,330.82,69.0,1.0,3.0,1.45,4.35,Hidden Gem - Promote Higher
October,26200289,unknown,unknown,unknown,mid,171.33,69.0,0.0,3.0,0.0,4.35,Hidden Gem - Promote Higher
October,6600175,geil,computers,components,budget,20.34,69.0,0.0,3.0,0.0,4.35,Hidden Gem - Promote Higher
October,4800776,samsung,electronics,audio,budget,11.55,185.0,5.0,8.0,2.7,4.32,Hidden Gem - Promote Higher
October,2900561,midea,appliances,kitchen,budget,48.75,116.0,0.0,5.0,0.0,4.31,Hidden Gem - Promote Higher
October,53300007,perilla,unknown,unknown,budget,30.86,93.0,8.0,4.0,8.6,4.3,Hidden Gem - Promote Higher
October,26000357,unknown,unknown,unknown,budget,12.61,163.0,0.0,7.0,0.0,4.29,Hidden Gem - Promote Higher
October,15200946,bars,unknown,unknown,mid,51.48,163.0,0.0,7.0,0.0,4.29,Hidden Gem - Promote Higher
October,2501666,oursson,appliances,kitchen,mid,107.08,70.0,0.0,3.0,0.0,4.29,Hidden Gem - Promote Higher
October,23000098,unknown,unknown,unknown,budget,43.31,70.0,0.0,3.0,0.0,4.29,Hidden Gem - Promote Higher
October,13400672,brw,unknown,unknown,mid,167.58,70.0,0.0,3.0,0.0,4.29,Hidden Gem - Promote Higher
October,19200103,stihl,construction,tools,premium,236.81,70.0,0.0,3.0,0.0,4.29,Hidden Gem - Promote Higher
October,26200596,unknown,unknown,unknown,premium,209.53,70.0,0.0,3.0,0.0,4.29,Hidden Gem - Promote Higher
October,9100181,unknown,computers,peripherals,budget,20.05,164.0,3.0,7.0,1.83,4.27,Hidden Gem - Promote Higher
October,12709952,triangle,unknown,unknown,mid,60.27,188.0,0.0,8.0,0.0,4.26,Hidden Gem - Promote Higher
October,11500291,jbl,unknown,unknown,mid,96.05,94.0,5.0,4.0,5.32,4.26,Hidden Gem - Promote Higher
October,12705537,viatti,unknown,unknown,budget,48.14,94.0,0.0,4.0,0.0,4.26,Hidden Gem - Promote Higher
October,26402792,lucente,unknown,unknown,premium,259.04,94.0,0.0,4.0,0.0,4.26,Hidden Gem - Promote Higher
October,6200483,ballu,appliances,environment,mid,57.3,94.0,0.0,4.0,0.0,4.26,Hidden Gem - Promote Higher
October,6300361,elenberg,appliances,kitchen,budget,15.73,189.0,7.0,8.0,3.7,4.23,Hidden Gem - Promote Higher
October,17300765,lanvin,unknown,unknown,mid,67.22,189.0,5.0,8.0,2.65,4.23,Hidden Gem - Promote Higher
October,6700727,asus,computers,components,mid,84.29,71.0,1.0,3.0,1.41,4.23,Hidden Gem - Promote Higher
October,26402338,efremov,unknown,unknown,premium,201.03,71.0,0.0,3.0,0.0,4.23,Hidden Gem - Promote Higher
October,28716193,respect,apparel,shoes,mid,80.86,71.0,0.0,3.0,0.0,4.23,Hidden Gem - Promote Higher
October,4804241,defender,electronics,audio,budget,10.5,71.0,0.0,3.0,0.0,4.23,Hidden Gem - Promote Higher
October,2200886,nikon,unknown,unknown,premium,231.34,71.0,1.0,3.0,1.41,4.23,Hidden Gem - Promote Higher
October,1802103,arg,electronics,video,mid,152.31,95.0,5.0,4.0,5.26,4.21,Hidden Gem - Promote Higher
October,1801692,hisense,electronics,video,premium,416.52,95.0,4.0,4.0,4.21,4.21,Hidden Gem - Promote Higher
October,4801014,jabra,electronics,audio,budget,14.86,119.0,3.0,5.0,2.52,4.2,Hidden Gem - Promote Higher
October,5100367,wonlex,electronics,clocks,mid,55.24,119.0,0.0,5.0,0.0,4.2,Hidden Gem - Promote Higher
October,12500056,unknown,unknown,unknown,budget,46.41,120.0,0.0,5.0,0.0,4.17,Hidden Gem - Promote Higher
October,16200000,huggies,kids,fmcg,budget,19.65,96.0,0.0,4.0,0.0,4.17,Hidden Gem - Promote Higher
October,2601330,artel,unknown,unknown,mid,160.96,72.0,0.0,3.0,0.0,4.17,Hidden Gem - Promote Higher
October,6200991,alteco,appliances,environment,budget,20.58,72.0,0.0,3.0,0.0,4.17,Hidden Gem - Promote Higher
October,25200058,unknown,unknown,unknown,budget,5.67,72.0,1.0,3.0,1.39,4.17,Hidden Gem - Promote Higher
October,5801632,alphard,electronics,audio,budget,46.33,72.0,0.0,3.0,0.0,4.17,Hidden Gem - Promote Higher
October,12709948,triangle,unknown,unknown,budget,36.93,193.0,0.0,8.0,0.0,4.15,Hidden Gem - Promote Higher
October,12706983,nokian,unknown,unknown,mid,51.82,145.0,9.0,6.0,6.21,4.14,Hidden Gem - Promote Higher
October,27900026,unknown,unknown,unknown,budget,43.76,145.0,0.0,6.0,0.0,4.14,Hidden Gem - Promote Higher
October,12712686,bridgestone,unknown,unknown,mid,54.31,145.0,1.0,6.0,0.69,4.14,Hidden Gem - Promote Higher
October,2201023,sony,unknown,unknown,luxury,2014.8,121.0,7.0,5.0,5.79,4.13,Hidden Gem - Promote Higher
October,11300008,panasonic,electronics,telephone,budget,31.6,121.0,9.0,5.0,7.44,4.13,Hidden Gem - Promote Higher
October,11200469,elenberg,appliances,personal,budget,14.13,121.0,6.0,5.0,4.96,4.13,Hidden Gem - Promote Higher
October,9200360,kingston,computers,peripherals,mid,99.05,97.0,9.0,4.0,9.28,4.12,Hidden Gem - Promote Higher
October,12708857,triangle,unknown,unknown,mid,51.46,97.0,3.0,4.0,3.09,4.12,Hidden Gem - Promote Higher
October,17301088,lanvin,unknown,unknown,mid,67.84,97.0,2.0,4.0,2.06,4.12,Hidden Gem - Promote Higher
October,12700932,nokian,unknown,unknown,mid,53.76,146.0,4.0,6.0,2.74,4.11,Hidden Gem - Promote Higher
October,53300027,perilla,unknown,unknown,budget,20.57,73.0,4.0,3.0,5.48,4.11,Hidden Gem - Promote Higher
October,5801339,pride,electronics,audio,mid,77.22,73.0,0.0,3.0,0.0,4.11,Hidden Gem - Promote Higher
October,26600037,unknown,unknown,unknown,budget,33.55,73.0,0.0,3.0,0.0,4.11,Hidden Gem - Promote Higher
October,15200868,bars,unknown,unknown,budget,43.63,73.0,0.0,3.0,0.0,4.11,Hidden Gem - Promote Higher
October,9100307,redragon,computers,peripherals,budget,10.31,73.0,6.0,3.0,8.22,4.11,Hidden Gem - Promote Higher
October,12500040,bosch,unknown,unknown,mid,110.04,122.0,11.0,5.0,9.02,4.1,Hidden Gem - Promote Higher
October,22400107,wster,electronics,audio,budget,36.13,147.0,0.0,6.0,0.0,4.08,Hidden Gem - Promote Higher
October,12711598,triangle,unknown,unknown,mid,58.11,147.0,0.0,6.0,0.0,4.08,Hidden Gem - Promote Higher
October,6301351,elenberg,appliances,kitchen,budget,15.41,98.0,2.0,4.0,2.04,4.08,Hidden Gem - Promote Higher
October,3800775,tefal,appliances,iron,premium,373.71,98.0,2.0,4.0,2.04,4.08,Hidden Gem - Promote Higher
October,14300371,akai,electronics,audio,mid,109.97,98.0,0.0,4.0,0.0,4.08,Hidden Gem - Promote Higher
October,12701680,gislaved,unknown,unknown,mid,132.82,98.0,0.0,4.0,0.0,4.08,Hidden Gem - Promote Higher
October,17301421,givenchy,unknown,unknown,mid,77.47,98.0,1.0,4.0,1.02,4.08,Hidden Gem - Promote Higher
October,21406387,casio,electronics,clocks,mid,175.55,98.0,0.0,4.0,0.0,4.08,Hidden Gem - Promote Higher
October,2501375,asel,appliances,kitchen,budget,43.82,148.0,0.0,6.0,0.0,4.05,Hidden Gem - Promote Higher
October,12700944,nokian,unknown,unknown,mid,107.34,74.0,2.0,3.0,2.7,4.05,Hidden Gem - Promote Higher
October,5600305,braun,unknown,unknown,mid,101.53,74.0,0.0,3.0,0.0,4.05,Hidden Gem - Promote Higher
October,11500627,jbl,unknown,unknown,budget,46.15,99.0,3.0,4.0,3.03,4.04,Hidden Gem - Promote Higher
October,3900648,ariston,appliances,environment,mid,114.27,99.0,2.0,4.0,2.02,4.04,Hidden Gem - Promote Higher
October,5200146,pocketbook,computers,ebooks,premium,251.89,199.0,10.0,8.0,5.03,4.02,Hidden Gem - Promote Higher
October,6200524,tefal,appliances,environment,mid,83.7,174.0,0.0,7.0,0.0,4.02,Hidden Gem - Promote Higher
October,1005181,unknown,electronics,smartphone,luxury,1029.34,174.0,6.0,7.0,3.45,4.02,Hidden Gem - Promote Higher
October,3601048,bosch,appliances,kitchen,luxury,502.48,125.0,2.0,5.0,1.6,4.0,Hidden Gem - Promote Higher
October,26403693,unknown,unknown,unknown,mid,157.95,125.0,0.0,5.0,0.0,4.0,Hidden Gem - Promote Higher
October,29501137,unknown,unknown,unknown,budget,8.84,100.0,0.0,4.0,0.0,4.0,Hidden Gem - Promote Higher
October,3800467,saturn,appliances,iron,budget,10.97,100.0,7.0,4.0,7.0,4.0,Hidden Gem - Promote Higher
October,26300746,lucente,unknown,unknown,premium,370.67,75.0,0.0,3.0,0.0,4.0,Hidden Gem - Promote Higher
October,5000418,brother,appliances,sewing_machine,mid,102.91,75.0,2.0,3.0,2.67,4.0,Hidden Gem - Promote Higher
October,12704744,nokian,unknown,unknown,mid,130.25,75.0,3.0,3.0,4.0,4.0,Hidden Gem - Promote Higher
October,33500003,ersport,unknown,unknown,mid,113.23,75.0,0.0,3.0,0.0,4.0,Hidden Gem - Promote Higher
October,4802870,jbl,electronics,audio,budget,25.02,75.0,2.0,3.0,2.67,4.0,Hidden Gem - Promote Higher
October,13104732,kipardo,unknown,unknown,premium,372.73,75.0,0.0,3.0,0.0,4.0,Hidden Gem - Promote Higher
October,5300871,scarlett,unknown,unknown,budget,7.7,75.0,0.0,3.0,0.0,4.0,Hidden Gem - Promote Higher
October,21403738,casio,electronics,clocks,mid,83.48,176.0,0.0,7.0,0.0,3.98,Hidden Gem - Promote Higher
October,13100400,trebl,unknown,unknown,mid,57.66,151.0,0.0,6.0,0.0,3.97,Hidden Gem - Promote Higher
October,12720092,roadx,unknown,unknown,budget,35.23,151.0,0.0,6.0,0.0,3.97,Hidden Gem - Promote Higher
October,18300370,xiaomi,accessories,bag,budget,36.06,101.0,0.0,4.0,0.0,3.96,Hidden Gem - Promote Higher
October,3800877,polaris,appliances,iron,budget,30.3,76.0,3.0,3.0,3.95,3.95,Hidden Gem - Promote Higher
October,5800827,mystery,electronics,audio,mid,173.89,76.0,0.0,3.0,0.0,3.95,Hidden Gem - Promote Higher
October,8800492,nokia,electronics,telephone,budget,24.12,76.0,0.0,3.0,0.0,3.95,Hidden Gem - Promote Higher
October,3901012,teploross,appliances,environment,mid,101.14,76.0,5.0,3.0,6.58,3.95,Hidden Gem - Promote Higher
October,5400768,unknown,unknown,unknown,budget,28.52,127.0,9.0,5.0,7.09,3.94,Hidden Gem - Promote Higher
October,2900811,samsung,appliances,kitchen,mid,194.03,127.0,3.0,5.0,2.36,3.94,Hidden Gem - Promote Higher
October,11400099,xiaomi,unknown,unknown,budget,28.69,153.0,0.0,6.0,0.0,3.92,Hidden Gem - Promote Higher
October,17300771,bulgari,unknown,unknown,mid,81.26,102.0,0.0,4.0,0.0,3.92,Hidden Gem - Promote Higher
October,31401133,pasabahce,unknown,unknown,budget,5.89,102.0,1.0,4.0,0.98,3.92,Hidden Gem - Promote Higher
October,4802057,marshall,electronics,audio,mid,55.77,102.0,0.0,4.0,0.0,3.92,Hidden Gem - Promote Higher
October,1005189,prestigio,electronics,smartphone,mid,66.37,102.0,3.0,4.0,2.94,3.92,Hidden Gem - Promote Higher
October,1306995,hp,computers,notebook,luxury,700.43,77.0,0.0,3.0,0.0,3.9,Hidden Gem - Promote Higher
October,30000120,fubag,construction,tools,luxury,594.1,77.0,0.0,3.0,0.0,3.9,Hidden Gem - Promote Higher
October,12710968,triangle,unknown,unknown,budget,29.78,77.0,0.0,3.0,0.0,3.9,Hidden Gem - Promote Higher
October,26300574,unknown,unknown,unknown,mid,179.81,77.0,0.0,3.0,0.0,3.9,Hidden Gem - Promote Higher
October,30100020,unknown,unknown,unknown,budget,31.94,77.0,0.0,3.0,0.0,3.9,Hidden Gem - Promote Higher
October,12700701,matador,unknown,unknown,mid,64.6,77.0,3.0,3.0,3.9,3.9,Hidden Gem - Promote Higher
October,15200894,bars,unknown,unknown,mid,51.34,129.0,0.0,5.0,0.0,3.88,Hidden Gem - Promote Higher
October,12700854,nokian,unknown,unknown,mid,75.41,129.0,15.0,5.0,11.63,3.88,Hidden Gem - Promote Higher
October,11200373,scarlett,appliances,personal,budget,9.92,129.0,4.0,5.0,3.1,3.88,Hidden Gem - Promote Higher
October,15200779,volta,unknown,unknown,budget,39.39,129.0,0.0,5.0,0.0,3.88,Hidden Gem - Promote Higher
October,13400031,unknown,unknown,unknown,mid,154.42,103.0,0.0,4.0,0.0,3.88,Hidden Gem - Promote Higher
October,6200141,electrolux,appliances,environment,budget,20.89,103.0,0.0,4.0,0.0,3.88,Hidden Gem - Promote Higher
October,9100689,unknown,computers,peripherals,budget,33.16,103.0,0.0,4.0,0.0,3.88,Hidden Gem - Promote Higher
October,5800747,pioneer,electronics,audio,premium,241.66,181.0,0.0,7.0,0.0,3.87,Hidden Gem - Promote Higher
October,8700327,philips,appliances,personal,budget,28.29,181.0,7.0,7.0,3.87,3.87,Hidden Gem - Promote Higher
October,26201108,lucente,unknown,unknown,mid,87.0,182.0,0.0,7.0,0.0,3.85,Hidden Gem - Promote Higher
October,3601081,renova,appliances,kitchen,mid,71.04,130.0,0.0,5.0,0.0,3.85,Hidden Gem - Promote Higher
October,12719135,yokohama,unknown,unknown,mid,77.57,130.0,0.0,5.0,0.0,3.85,Hidden Gem - Promote Higher
October,9002787,bestoy,kids,toys,budget,46.33,104.0,0.0,4.0,0.0,3.85,Hidden Gem - Promote Higher
October,26401638,unknown,unknown,unknown,mid,188.94,104.0,0.0,4.0,0.0,3.85,Hidden Gem - Promote Higher
October,9101052,ritmix,computers,peripherals,budget,2.18,104.0,1.0,4.0,0.96,3.85,Hidden Gem - Promote Higher
October,4400312,delonghi,appliances,kitchen,premium,253.52,78.0,1.0,3.0,1.28,3.85,Hidden Gem - Promote Higher
October,15200802,varta,unknown,unknown,mid,96.39,78.0,0.0,3.0,0.0,3.85,Hidden Gem - Promote Higher
October,5300702,polaris,unknown,unknown,budget,17.96,78.0,3.0,3.0,3.85,3.85,Hidden Gem - Promote Higher
October,5000357,toyota,appliances,sewing_machine,mid,171.59,78.0,0.0,3.0,0.0,3.85,Hidden Gem - Promote Higher
October,34700076,unknown,unknown,unknown,budget,12.65,183.0,11.0,7.0,6.01,3.83,Hidden Gem - Promote Higher
October,12705460,cordiant,unknown,unknown,mid,51.22,131.0,0.0,5.0,0.0,3.82,Hidden Gem - Promote Higher
October,9200581,rapoo,computers,peripherals,budget,26.26,131.0,0.0,5.0,0.0,3.82,Hidden Gem - Promote Higher
October,1801913,samsung,electronics,video,luxury,1542.21,105.0,4.0,4.0,3.81,3.81,Hidden Gem - Promote Higher
October,12700647,goodyear,unknown,unknown,mid,98.59,105.0,2.0,4.0,1.9,3.81,Hidden Gem - Promote Higher
October,17300132,montale,unknown,unknown,mid,127.04,158.0,2.0,6.0,1.27,3.8,Hidden Gem - Promote Higher
October,5301401,elenberg,unknown,unknown,budget,14.13,79.0,1.0,3.0,1.27,3.8,Hidden Gem - Promote Higher
October,1005176,unknown,electronics,smartphone,luxury,900.64,79.0,1.0,3.0,1.27,3.8,Hidden Gem - Promote Higher
October,21407370,casio,electronics,clocks,mid,162.17,79.0,0.0,3.0,0.0,3.8,Hidden Gem - Promote Higher
October,12711006,cordiant,unknown,unknown,budget,32.95,79.0,0.0,3.0,0.0,3.8,Hidden Gem - Promote Higher
October,12711268,nexen,unknown,unknown,budget,43.0,79.0,0.0,3.0,0.0,3.8,Hidden Gem - Promote Higher
October,17301130,unknown,unknown,unknown,mid,73.85,106.0,0.0,4.0,0.0,3.77,Hidden Gem - Promote Higher
October,22900034,ikea,furniture,bedroom,budget,9.76,106.0,0.0,4.0,0.0,3.77,Hidden Gem - Promote Higher
October,9100970,defender,computers,peripherals,budget,6.41,106.0,0.0,4.0,0.0,3.77,Hidden Gem - Promote Higher
October,29501514,unknown,unknown,unknown,budget,22.26,106.0,0.0,4.0,0.0,3.77,Hidden Gem - Promote Higher
October,12800055,transcend,unknown,unknown,budget,19.69,106.0,4.0,4.0,3.77,3.77,Hidden Gem - Promote Higher
October,12700696,matador,unknown,unknown,budget,43.88,186.0,16.0,7.0,8.6,3.76,Hidden Gem - Promote Higher
October,26200635,unknown,unknown,unknown,mid,84.94,133.0,0.0,5.0,0.0,3.76,Hidden Gem - Promote Higher
October,12707518,unknown,unknown,unknown,mid,102.71,160.0,0.0,6.0,0.0,3.75,Hidden Gem - Promote Higher
October,1307059,apple,computers,notebook,luxury,1594.49,80.0,2.0,3.0,2.5,3.75,Hidden Gem - Promote Higher
October,53300024,diamond,unknown,unknown,budget,36.78,80.0,4.0,3.0,5.0,3.75,Hidden Gem - Promote Higher
October,26401457,lucente,unknown,unknown,mid,114.4,80.0,0.0,3.0,0.0,3.75,Hidden Gem - Promote Higher
October,12800086,kingston,unknown,unknown,budget,4.13,80.0,4.0,3.0,5.0,3.75,Hidden Gem - Promote Higher
October,19300007,perilla,appliances,ironing_board,budget,43.73,107.0,2.0,4.0,1.87,3.74,Hidden Gem - Promote Higher
October,8500081,kiturami,unknown,unknown,premium,481.47,107.0,0.0,4.0,0.0,3.74,Hidden Gem - Promote Higher
October,12710869,triangle,unknown,unknown,budget,44.8,161.0,1.0,6.0,0.62,3.73,Hidden Gem - Promote Higher
October,4700600,unknown,auto,accessories,mid,149.64,188.0,1.0,7.0,0.53,3.72,Hidden Gem - Promote Higher
October,1801561,lg,electronics,video,luxury,553.17,189.0,0.0,7.0,0.0,3.7,Hidden Gem - Promote Higher
October,15900133,polaris,unknown,unknown,budget,24.78,135.0,0.0,5.0,0.0,3.7,Hidden Gem - Promote Higher
October,8700217,rowenta,appliances,personal,mid,50.93,135.0,0.0,5.0,0.0,3.7,Hidden Gem - Promote Higher
October,12720124,kapsen,unknown,unknown,mid,61.78,108.0,0.0,4.0,0.0,3.7,Hidden Gem - Promote Higher
October,12711367,nexen,unknown,unknown,budget,42.35,81.0,2.0,3.0,2.47,3.7,Hidden Gem - Promote Higher
October,12711552,triangle,unknown,unknown,budget,32.56,81.0,0.0,3.0,0.0,3.7,Hidden Gem - Promote Higher
October,32801070,unknown,unknown,unknown,premium,437.57,81.0,0.0,3.0,0.0,3.7,Hidden Gem - Promote Higher
October,3200240,zelmer,appliances,kitchen,mid,53.25,81.0,1.0,3.0,1.23,3.7,Hidden Gem - Promote Higher
October,6301803,scarlett,appliances,kitchen,budget,23.93,190.0,12.0,7.0,6.32,3.68,Hidden Gem - Promote Higher
October,3100504,moulinex,appliances,kitchen,mid,71.79,109.0,5.0,4.0,4.59,3.67,Hidden Gem - Promote Higher
October,12718829,kapsen,unknown,unknown,budget,38.61,109.0,0.0,4.0,0.0,3.67,Hidden Gem - Promote Higher
October,16500012,unknown,unknown,unknown,budget,33.62,191.0,0.0,7.0,0.0,3.66,Hidden Gem - Promote Higher
October,4500290,bosch,appliances,kitchen,mid,214.64,82.0,1.0,3.0,1.22,3.66,Hidden Gem - Promote Higher
October,17301686,unknown,unknown,unknown,budget,46.16,82.0,0.0,3.0,0.0,3.66,Hidden Gem - Promote Higher
October,12710973,powertrac,unknown,unknown,budget,27.56,82.0,0.0,3.0,0.0,3.66,Hidden Gem - Promote Higher
October,6902379,bambola,furniture,living_room,budget,36.65,82.0,0.0,3.0,0.0,3.66,Hidden Gem - Promote Higher
October,4803929,jbl,electronics,audio,mid,78.28,82.0,0.0,3.0,0.0,3.66,Hidden Gem - Promote Higher
October,6000288,starline,auto,accessories,premium,206.96,82.0,0.0,3.0,0.0,3.66,Hidden Gem - Promote Higher
October,44900093,alesis,unknown,unknown,mid,159.11,137.0,0.0,5.0,0.0,3.65,Hidden Gem - Promote Higher
October,12707536,unknown,unknown,unknown,mid,130.51,165.0,0.0,6.0,0.0,3.64,Hidden Gem - Promote Higher
October,12709941,yokohama,unknown,unknown,mid,88.0,165.0,4.0,6.0,2.42,3.64,Hidden Gem - Promote Higher
October,3800953,tefal,appliances,iron,mid,83.26,110.0,2.0,4.0,1.82,3.64,Hidden Gem - Promote Higher
October,12714768,tunga,unknown,unknown,budget,36.33,138.0,0.0,5.0,0.0,3.62,Hidden Gem - Promote Higher
October,12705541,unknown,unknown,unknown,budget,40.28,83.0,0.0,3.0,0.0,3.61,Hidden Gem - Promote Higher
October,21407710,casio,electronics,clocks,budget,18.02,83.0,0.0,3.0,0.0,3.61,Hidden Gem - Promote Higher
October,15200817,varta,unknown,unknown,mid,147.4,83.0,0.0,3.0,0.0,3.61,Hidden Gem - Promote Higher
October,12700831,nokian,unknown,unknown,mid,91.38,83.0,2.0,3.0,2.41,3.61,Hidden Gem - Promote Higher
October,26403337,unknown,unknown,unknown,mid,61.01,83.0,0.0,3.0,0.0,3.61,Hidden Gem - Promote Higher
October,1307264,lenovo,computers,notebook,premium,321.67,83.0,1.0,3.0,1.2,3.61,Hidden Gem - Promote Higher
October,6200949,unknown,appliances,environment,budget,11.12,139.0,6.0,5.0,4.32,3.6,Hidden Gem - Promote Higher
October,12719665,comforser,unknown,unknown,budget,34.11,139.0,0.0,5.0,0.0,3.6,Hidden Gem - Promote Higher
October,11200064,saturn,appliances,personal,budget,9.2,195.0,4.0,7.0,2.05,3.59,Hidden Gem - Promote Higher
October,5701178,swat,auto,accessories,budget,28.83,196.0,0.0,7.0,0.0,3.57,Hidden Gem - Promote Higher
October,12711554,triangle,unknown,unknown,budget,41.26,168.0,0.0,6.0,0.0,3.57,Hidden Gem - Promote Higher
October,11900142,unknown,unknown,unknown,mid,86.24,168.0,6.0,6.0,3.57,3.57,Hidden Gem - Promote Higher
October,16300025,kukmara,unknown,unknown,budget,38.59,140.0,4.0,5.0,2.86,3.57,Hidden Gem - Promote Higher
October,12713526,cordiant,unknown,unknown,budget,35.39,140.0,0.0,5.0,0.0,3.57,Hidden Gem - Promote Higher
October,3900749,haier,appliances,environment,mid,93.97,140.0,11.0,5.0,7.86,3.57,Hidden Gem - Promote Higher
October,3800893,tefal,appliances,iron,budget,26.65,112.0,0.0,4.0,0.0,3.57,Hidden Gem - Promote Higher
October,12300751,total,construction,tools,mid,77.0,112.0,5.0,4.0,4.46,3.57,Hidden Gem - Promote Higher
October,28718018,respect,apparel,shoes,budget,50.43,112.0,0.0,4.0,0.0,3.57,Hidden Gem - Promote Higher
October,4804144,huawei,electronics,audio,budget,8.21,112.0,1.0,4.0,0.89,3.57,Hidden Gem - Promote Higher
October,5800723,mystery,electronics,audio,mid,177.61,84.0,0.0,3.0,0.0,3.57,Hidden Gem - Promote Higher
October,12711601,triangle,unknown,unknown,mid,73.98,84.0,0.0,3.0,0.0,3.57,Hidden Gem - Promote Higher
October,30000069,eurolux,construction,tools,mid,70.52,84.0,1.0,3.0,1.19,3.57,Hidden Gem - Promote Higher
October,30100011,bosch,unknown,unknown,mid,70.96,84.0,1.0,3.0,1.19,3.57,Hidden Gem - Promote Higher
October,12719867,roadx,unknown,unknown,mid,52.87,84.0,0.0,3.0,0.0,3.57,Hidden Gem - Promote Higher
October,22400121,m-audio,electronics,audio,mid,128.04,141.0,0.0,5.0,0.0,3.55,Hidden Gem - Promote Higher
October,12300108,bosch,construction,tools,mid,51.28,141.0,10.0,5.0,7.09,3.55,Hidden Gem - Promote Higher
October,8700162,philips,appliances,personal,budget,19.86,113.0,3.0,4.0,2.65,3.54,Hidden Gem - Promote Higher
October,22600013,chameleon,auto,accessories,budget,36.04,113.0,0.0,4.0,0.0,3.54,Hidden Gem - Promote Higher
October,9002789,bestoy,kids,toys,mid,72.07,170.0,0.0,6.0,0.0,3.53,Hidden Gem - Promote Higher
October,7600294,tp-link,unknown,unknown,mid,118.66,85.0,2.0,3.0,2.35,3.53,Hidden Gem - Promote Higher
October,3100724,philips,appliances,kitchen,mid,154.42,85.0,2.0,3.0,2.35,3.53,Hidden Gem - Promote Higher
October,5801470,kicx,electronics,audio,budget,9.14,85.0,0.0,3.0,0.0,3.53,Hidden Gem - Promote Higher
October,26011863,unknown,unknown,unknown,budget,3.71,85.0,0.0,3.0,0.0,3.53,Hidden Gem - Promote Higher
October,15300152,samsung,unknown,unknown,budget,9.95,85.0,7.0,3.0,8.24,3.53,Hidden Gem - Promote Higher
October,22500228,brateck,unknown,unknown,budget,5.12,85.0,1.0,3.0,1.18,3.53,Hidden Gem - Promote Higher
October,12719633,kapsen,unknown,unknown,mid,60.23,85.0,0.0,3.0,0.0,3.53,Hidden Gem - Promote Higher
October,4800224,sony,electronics,audio,mid,67.78,142.0,4.0,5.0,2.82,3.52,Hidden Gem - Promote Higher
October,17800521,zeta,computers,desktop,budget,49.1,171.0,7.0,6.0,4.09,3.51,Hidden Gem - Promote Higher
October,26201661,unknown,unknown,unknown,mid,194.44,171.0,0.0,6.0,0.0,3.51,Hidden Gem - Promote Higher
October,3700737,philips,appliances,environment,mid,199.46,114.0,2.0,4.0,1.75,3.51,Hidden Gem - Promote Higher
October,6200159,elenberg,appliances,environment,budget,10.22,172.0,8.0,6.0,4.65,3.49,Hidden Gem - Promote Higher
October,28716982,respect,apparel,shoes,mid,86.05,86.0,0.0,3.0,0.0,3.49,Hidden Gem - Promote Higher
October,4300365,boneco,unknown,unknown,premium,202.66,86.0,0.0,3.0,0.0,3.49,Hidden Gem - Promote Higher
October,5301649,scarlett,unknown,unknown,budget,16.8,86.0,9.0,3.0,10.47,3.49,Hidden Gem - Promote Higher
October,4000202,karcher,construction,tools,mid,148.78,86.0,0.0,3.0,0.0,3.49,Hidden Gem - Promote Higher
October,1801517,haier,electronics,video,premium,359.59,115.0,0.0,4.0,0.0,3.48,Hidden Gem - Promote Higher
October,6700995,gigabyte,computers,components,premium,343.01,115.0,1.0,4.0,0.87,3.48,Hidden Gem - Promote Higher
October,26202903,unknown,unknown,unknown,mid,174.74,115.0,0.0,4.0,0.0,3.48,Hidden Gem - Promote Higher
October,6500909,gigabyte,computers,components,mid,120.72,115.0,0.0,4.0,0.0,3.48,Hidden Gem - Promote Higher
October,12700974,nokian,unknown,unknown,budget,49.38,173.0,4.0,6.0,2.31,3.47,Hidden Gem - Promote Higher
October,5100604,apple,electronics,clocks,premium,352.51,174.0,1.0,6.0,0.57,3.45,Hidden Gem - Promote Higher
October,1004340,meizu,electronics,smartphone,mid,137.57,174.0,0.0,6.0,0.0,3.45,Hidden Gem - Promote Higher
October,12719020,triangle,unknown,unknown,mid,51.19,145.0,0.0,5.0,0.0,3.45,Hidden Gem - Promote Higher
October,12711192,triangle,unknown,unknown,budget,37.68,145.0,0.0,5.0,0.0,3.45,Hidden Gem - Promote Higher
October,12719864,roadx,unknown,unknown,budget,43.0,116.0,2.0,4.0,1.72,3.45,Hidden Gem - Promote Higher
October,5300334,polaris,unknown,unknown,budget,16.71,87.0,0.0,3.0,0.0,3.45,Hidden Gem - Promote Higher
October,13300550,swisshome,unknown,unknown,mid,160.62,87.0,0.0,3.0,0.0,3.45,Hidden Gem - Promote Higher
October,3300536,optima,unknown,unknown,budget,31.26,87.0,1.0,3.0,1.15,3.45,Hidden Gem - Promote Higher
October,12705522,viatti,unknown,unknown,budget,34.11,87.0,0.0,3.0,0.0,3.45,Hidden Gem - Promote Higher
October,26200573,unknown,unknown,unknown,mid,97.69,87.0,0.0,3.0,0.0,3.45,Hidden Gem - Promote Higher
October,6201110,ballu,appliances,environment,mid,72.77,87.0,0.0,3.0,0.0,3.45,Hidden Gem - Promote Higher
October,2501929,asel,appliances,kitchen,mid,61.75,87.0,0.0,3.0,0.0,3.45,Hidden Gem - Promote Higher
October,12708390,goodyear,unknown,unknown,mid,73.36,146.0,5.0,5.0,3.42,3.42,Hidden Gem - Promote Higher
October,14300049,yamaha,unknown,unknown,premium,491.4,146.0,0.0,5.0,0.0,3.42,Hidden Gem - Promote Higher
October,19300029,nika,appliances,ironing_board,budget,24.43,146.0,0.0,5.0,0.0,3.42,Hidden Gem - Promote Higher
October,3700749,samsung,appliances,environment,mid,118.38,117.0,0.0,4.0,0.0,3.42,Hidden Gem - Promote Higher
October,14100085,fender,electronics,audio,mid,167.73,117.0,1.0,4.0,0.85,3.42,Hidden Gem - Promote Higher
October,19100001,bosch,construction,tools,mid,124.53,117.0,2.0,4.0,1.71,3.42,Hidden Gem - Promote Higher
October,8800546,texet,electronics,telephone,budget,48.65,176.0,2.0,6.0,1.14,3.41,Hidden Gem - Promote Higher
October,12705588,unknown,unknown,unknown,budget,44.84,176.0,0.0,6.0,0.0,3.41,Hidden Gem - Promote Higher
October,26201110,lucente,unknown,unknown,mid,83.26,176.0,0.0,6.0,0.0,3.41,Hidden Gem - Promote Higher
October,8800754,prestigio,electronics,telephone,budget,9.39,176.0,0.0,6.0,0.0,3.41,Hidden Gem - Promote Higher
October,26403484,unknown,unknown,unknown,mid,79.54,88.0,0.0,3.0,0.0,3.41,Hidden Gem - Promote Higher
October,26403202,unknown,unknown,unknown,mid,136.43,88.0,0.0,3.0,0.0,3.41,Hidden Gem - Promote Higher
October,13700138,erlit,unknown,unknown,premium,462.78,147.0,0.0,5.0,0.0,3.4,Hidden Gem - Promote Higher
October,20900074,xiaomi,unknown,unknown,mid,80.47,177.0,7.0,6.0,3.95,3.39,Hidden Gem - Promote Higher
October,22800104,weifeng,unknown,unknown,budget,16.73,177.0,0.0,6.0,0.0,3.39,Hidden Gem - Promote Higher
October,12700947,nokian,unknown,unknown,mid,128.57,118.0,3.0,4.0,2.54,3.39,Hidden Gem - Promote Higher
October,2800628,unknown,appliances,kitchen,premium,215.49,118.0,0.0,4.0,0.0,3.39,Hidden Gem - Promote Higher
October,17300816,lacoste,unknown,unknown,mid,61.67,89.0,0.0,3.0,0.0,3.37,Hidden Gem - Promote Higher
October,1307379,asus,computers,notebook,premium,385.85,89.0,0.0,3.0,0.0,3.37,Hidden Gem - Promote Higher
October,6201147,polaris,appliances,environment,budget,15.25,89.0,2.0,3.0,2.25,3.37,Hidden Gem - Promote Higher
October,17601203,embryolisse,unknown,unknown,budget,41.16,89.0,0.0,3.0,0.0,3.37,Hidden Gem - Promote Higher
October,12707142,unknown,unknown,unknown,mid,180.06,89.0,0.0,3.0,0.0,3.37,Hidden Gem - Promote Higher
October,5600393,philips,unknown,unknown,budget,34.38,89.0,3.0,3.0,3.37,3.37,Hidden Gem - Promote Higher
October,19300010,perilla,appliances,ironing_board,budget,27.36,89.0,3.0,3.0,3.37,3.37,Hidden Gem - Promote Higher
October,20100044,unknown,unknown,unknown,mid,53.95,89.0,3.0,3.0,3.37,3.37,Hidden Gem - Promote Higher
October,1801697,hisense,electronics,video,luxury,903.85,89.0,2.0,3.0,2.25,3.37,Hidden Gem - Promote Higher
October,26300087,lucente,unknown,unknown,premium,244.02,89.0,0.0,3.0,0.0,3.37,Hidden Gem - Promote Higher
October,2601680,artel,unknown,unknown,mid,175.78,149.0,0.0,5.0,0.0,3.36,Hidden Gem - Promote Higher
October,8000319,unknown,unknown,unknown,budget,51.51,149.0,5.0,5.0,3.36,3.36,Hidden Gem - Promote Higher
October,12700975,nokian,unknown,unknown,mid,55.27,119.0,2.0,4.0,1.68,3.36,Hidden Gem - Promote Higher
October,26200061,unknown,unknown,unknown,mid,155.22,119.0,0.0,4.0,0.0,3.36,Hidden Gem - Promote Higher
October,26403276,unknown,unknown,unknown,mid,128.45,119.0,0.0,4.0,0.0,3.36,Hidden Gem - Promote Higher
October,26009225,machaon,unknown,unknown,mid,63.41,119.0,0.0,4.0,0.0,3.36,Hidden Gem - Promote Higher
October,5300262,philips,unknown,unknown,mid,63.56,119.0,3.0,4.0,2.52,3.36,Hidden Gem - Promote Higher
October,3800819,philips,appliances,iron,budget,41.45,150.0,3.0,5.0,2.0,3.33,Hidden Gem - Promote Higher
October,26402844,sokolov,unknown,unknown,mid,189.71,120.0,0.0,4.0,0.0,3.33,Hidden Gem - Promote Higher
October,12711442,goodyear,unknown,unknown,mid,52.77,120.0,1.0,4.0,0.83,3.33,Hidden Gem - Promote Higher
October,26400390,unknown,unknown,unknown,mid,57.38,90.0,0.0,3.0,0.0,3.33,Hidden Gem - Promote Higher
October,3800288,braun,appliances,iron,mid,48.77,90.0,1.0,3.0,1.11,3.33,Hidden Gem - Promote Higher
October,26202832,efremov,unknown,unknown,mid,112.23,90.0,0.0,3.0,0.0,3.33,Hidden Gem - Promote Higher
October,2900983,hotpoint-ariston,appliances,kitchen,mid,66.9,90.0,0.0,3.0,0.0,3.33,Hidden Gem - Promote Higher
October,5500197,braun,unknown,unknown,budget,49.76,90.0,3.0,3.0,3.33,3.33,Hidden Gem - Promote Higher
October,40900048,wagner,construction,tools,luxury,523.31,90.0,0.0,3.0,0.0,3.33,Hidden Gem - Promote Higher
October,1701303,samsung,computers,peripherals,premium,350.62,181.0,4.0,6.0,2.21,3.31,Hidden Gem - Promote Higher
October,5800902,kicx,electronics,audio,budget,26.24,181.0,0.0,6.0,0.0,3.31,Hidden Gem - Promote Higher
October,12705207,unknown,unknown,unknown,budget,39.82,151.0,0.0,5.0,0.0,3.31,Hidden Gem - Promote Higher
October,12705848,unknown,unknown,unknown,budget,38.1,151.0,0.0,5.0,0.0,3.31,Hidden Gem - Promote Higher
October,5800809,pioneer,electronics,audio,mid,78.45,151.0,0.0,5.0,0.0,3.31,Hidden Gem - Promote Higher
October,9101156,defender,computers,peripherals,budget,6.21,121.0,0.0,4.0,0.0,3.31,Hidden Gem - Promote Higher
October,2800650,unknown,appliances,kitchen,premium,336.07,121.0,0.0,4.0,0.0,3.31,Hidden Gem - Promote Higher
October,21700003,sony,unknown,unknown,mid,62.81,182.0,15.0,6.0,8.24,3.3,Hidden Gem - Promote Higher
October,1701268,aoc,computers,peripherals,premium,311.67,91.0,0.0,3.0,0.0,3.3,Hidden Gem - Promote Higher
October,3601139,renova,appliances,kitchen,mid,85.13,91.0,0.0,3.0,0.0,3.3,Hidden Gem - Promote Higher
October,27700710,unknown,construction,tools,mid,105.51,91.0,5.0,3.0,5.49,3.3,Hidden Gem - Promote Higher
October,1306759,dell,computers,notebook,premium,407.96,91.0,1.0,3.0,1.1,3.3,Hidden Gem - Promote Higher
October,12710984,powertrac,unknown,unknown,budget,39.29,152.0,0.0,5.0,0.0,3.29,Hidden Gem - Promote Higher
October,8500247,hubert,unknown,unknown,luxury,530.51,183.0,8.0,6.0,4.37,3.28,Hidden Gem - Promote Higher
October,22700320,total,unknown,unknown,budget,12.84,183.0,4.0,6.0,2.19,3.28,Hidden Gem - Promote Higher
October,3601284,artel,appliances,kitchen,mid,83.54,122.0,0.0,4.0,0.0,3.28,Hidden Gem - Promote Higher
October,9300079,lg,unknown,unknown,premium,385.86,122.0,0.0,4.0,0.0,3.28,Hidden Gem - Promote Higher
October,15901262,sms,unknown,unknown,budget,10.29,122.0,0.0,4.0,0.0,3.28,Hidden Gem - Promote Higher
October,3700885,lg,appliances,environment,mid,120.29,153.0,2.0,5.0,1.31,3.27,Hidden Gem - Promote Higher
October,2701385,indesit,appliances,kitchen,premium,360.05,184.0,0.0,6.0,0.0,3.26,Hidden Gem - Promote Higher
October,17302623,chanel,unknown,unknown,mid,114.85,184.0,0.0,6.0,0.0,3.26,Hidden Gem - Promote Higher
October,8500305,hubert,unknown,unknown,premium,501.29,184.0,6.0,6.0,3.26,3.26,Hidden Gem - Promote Higher
October,26500316,lucente,unknown,unknown,mid,153.67,92.0,0.0,3.0,0.0,3.26,Hidden Gem - Promote Higher
October,28101532,eviza,unknown,unknown,mid,137.46,92.0,0.0,3.0,0.0,3.26,Hidden Gem - Promote Higher
October,13300827,casper,unknown,unknown,mid,115.06,92.0,0.0,3.0,0.0,3.26,Hidden Gem - Promote Higher
October,17800715,zeta,computers,desktop,budget,30.96,154.0,2.0,5.0,1.3,3.25,Hidden Gem - Promote Higher
October,41600014,garrett,unknown,unknown,mid,181.78,123.0,0.0,4.0,0.0,3.25,Hidden Gem - Promote Higher
October,3801369,polaris,appliances,iron,budget,43.11,123.0,0.0,4.0,0.0,3.25,Hidden Gem - Promote Higher
October,12703277,cordiant,unknown,unknown,mid,69.5,185.0,5.0,6.0,2.7,3.24,Hidden Gem - Promote Higher
October,17301439,kenzo,unknown,unknown,mid,63.52,155.0,0.0,5.0,0.0,3.23,Hidden Gem - Promote Higher
October,6300883,tefal,appliances,kitchen,budget,38.06,124.0,8.0,4.0,6.45,3.23,Hidden Gem - Promote Higher
October,2701288,samsung,appliances,kitchen,luxury,847.42,124.0,4.0,4.0,3.23,3.23,Hidden Gem - Promote Higher
October,28400775,baden,accessories,bag,mid,61.52,124.0,0.0,4.0,0.0,3.23,Hidden Gem - Promote Higher
October,7600480,tp-link,unknown,unknown,budget,45.54,124.0,3.0,4.0,2.42,3.23,Hidden Gem - Promote Higher
October,5801655,element,electronics,audio,mid,115.38,124.0,0.0,4.0,0.0,3.23,Hidden Gem - Promote Higher
October,5301648,rowenta,unknown,unknown,budget,30.76,93.0,2.0,3.0,2.15,3.23,Hidden Gem - Promote Higher
October,12700738,unknown,unknown,unknown,budget,30.89,187.0,0.0,6.0,0.0,3.21,Hidden Gem - Promote Higher
October,17302664,creed,unknown,unknown,budget,26.86,156.0,0.0,5.0,0.0,3.21,Hidden Gem - Promote Higher
October,12711270,nexen,unknown,unknown,budget,44.01,156.0,4.0,5.0,2.56,3.21,Hidden Gem - Promote Higher
October,5300163,philips,unknown,unknown,budget,29.58,125.0,4.0,4.0,3.2,3.2,Hidden Gem - Promote Higher
October,26200069,unknown,unknown,unknown,mid,96.79,125.0,0.0,4.0,0.0,3.2,Hidden Gem - Promote Higher
October,1002549,apple,electronics,smartphone,premium,559.35,94.0,0.0,3.0,0.0,3.19,Hidden Gem - Promote Higher
October,12711596,triangle,unknown,unknown,mid,63.24,94.0,0.0,3.0,0.0,3.19,Hidden Gem - Promote Higher
October,12200908,torrent,sport,bicycle,mid,74.39,94.0,0.0,3.0,0.0,3.19,Hidden Gem - Promote Higher
October,12709498,goodyear,unknown,unknown,budget,46.33,94.0,1.0,3.0,1.06,3.19,Hidden Gem - Promote Higher
October,7004547,rant,kids,carriage,mid,69.47,94.0,5.0,3.0,5.32,3.19,Hidden Gem - Promote Higher
October,6701039,gigabyte,computers,components,mid,192.8,94.0,0.0,3.0,0.0,3.19,Hidden Gem - Promote Higher
October,3700988,samsung,appliances,environment,mid,92.63,157.0,0.0,5.0,0.0,3.18,Hidden Gem - Promote Higher
October,4400000,delonghi,appliances,kitchen,luxury,823.68,189.0,5.0,6.0,2.65,3.17,Hidden Gem - Promote Higher
October,26200628,unknown,unknown,unknown,mid,159.59,190.0,0.0,6.0,0.0,3.16,Hidden Gem - Promote Higher
October,3800821,tefal,appliances,iron,mid,87.31,190.0,9.0,6.0,4.74,3.16,Hidden Gem - Promote Higher
October,5301156,saturn,unknown,unknown,budget,15.12,190.0,0.0,6.0,0.0,3.16,Hidden Gem - Promote Higher
October,15800131,bosch,unknown,unknown,mid,156.95,158.0,0.0,5.0,0.0,3.16,Hidden Gem - Promote Higher
October,19700095,unknown,unknown,unknown,budget,11.36,158.0,0.0,5.0,0.0,3.16,Hidden Gem - Promote Higher
October,3200371,elenberg,appliances,kitchen,budget,33.04,158.0,3.0,5.0,1.9,3.16,Hidden Gem - Promote Higher
October,26013774,unknown,unknown,unknown,budget,19.66,95.0,0.0,3.0,0.0,3.16,Hidden Gem - Promote Higher
October,5500032,panasonic,unknown,unknown,budget,47.62,95.0,2.0,3.0,2.11,3.16,Hidden Gem - Promote Higher
October,1003507,samsung,electronics,smartphone,luxury,586.16,95.0,0.0,3.0,0.0,3.16,Hidden Gem - Promote Higher
October,15200915,bars,unknown,unknown,mid,153.24,95.0,0.0,3.0,0.0,3.16,Hidden Gem - Promote Higher
October,8500186,unknown,unknown,unknown,premium,251.19,95.0,3.0,3.0,3.16,3.16,Hidden Gem - Promote Higher
October,34700032,unknown,unknown,unknown,mid,51.22,127.0,2.0,4.0,1.57,3.15,Hidden Gem - Promote Higher
October,3601365,artel,appliances,kitchen,mid,93.61,159.0,0.0,5.0,0.0,3.14,Hidden Gem - Promote Higher
October,12706555,unknown,unknown,unknown,budget,39.64,159.0,1.0,5.0,0.63,3.14,Hidden Gem - Promote Higher
October,51000001,bosch,appliances,environment,mid,180.71,160.0,7.0,5.0,4.38,3.13,Hidden Gem - Promote Higher
October,5301667,rowenta,unknown,unknown,budget,38.71,160.0,14.0,5.0,8.75,3.13,Hidden Gem - Promote Higher
October,4900011,braun,appliances,kitchen,mid,143.96,128.0,7.0,4.0,5.47,3.13,Hidden Gem - Promote Higher
October,11600016,microlab,computers,desktop,mid,179.09,128.0,0.0,4.0,0.0,3.13,Hidden Gem - Promote Higher
October,12711588,triangle,unknown,unknown,mid,49.44,128.0,0.0,4.0,0.0,3.13,Hidden Gem - Promote Higher
October,17301670,unknown,unknown,unknown,budget,37.94,96.0,0.0,3.0,0.0,3.13,Hidden Gem - Promote Higher
October,12719309,kapsen,unknown,unknown,budget,36.81,96.0,0.0,3.0,0.0,3.13,Hidden Gem - Promote Higher
October,12709463,maxxis,unknown,unknown,budget,43.89,96.0,0.0,3.0,0.0,3.13,Hidden Gem - Promote Higher
October,8801028,philips,electronics,telephone,budget,20.68,96.0,0.0,3.0,0.0,3.13,Hidden Gem - Promote Higher
October,12714770,tunga,unknown,unknown,budget,36.93,96.0,0.0,3.0,0.0,3.13,Hidden Gem - Promote Higher
October,13100393,skad,unknown,unknown,mid,170.89,96.0,0.0,3.0,0.0,3.13,Hidden Gem - Promote Higher
October,15900033,tefal,unknown,unknown,budget,29.17,161.0,3.0,5.0,1.86,3.11,Hidden Gem - Promote Higher
October,12705209,viatti,unknown,unknown,mid,51.22,161.0,1.0,5.0,0.62,3.11,Hidden Gem - Promote Higher
October,16500014,omron,unknown,unknown,mid,65.61,161.0,14.0,5.0,8.7,3.11,Hidden Gem - Promote Higher
October,12707478,triangle,unknown,unknown,budget,47.88,129.0,0.0,4.0,0.0,3.1,Hidden Gem - Promote Higher
October,42600177,stels,unknown,unknown,mid,71.04,129.0,0.0,4.0,0.0,3.1,Hidden Gem - Promote Higher
October,26403729,lucente,unknown,unknown,mid,166.28,97.0,0.0,3.0,0.0,3.09,Hidden Gem - Promote Higher
October,26401583,unknown,unknown,unknown,mid,164.23,97.0,0.0,3.0,0.0,3.09,Hidden Gem - Promote Higher
October,7900247,unknown,furniture,kitchen,budget,23.12,97.0,0.0,3.0,0.0,3.09,Hidden Gem - Promote Higher
October,16400237,unknown,unknown,unknown,mid,141.57,97.0,0.0,3.0,0.0,3.09,Hidden Gem - Promote Higher
October,11600018,sven,computers,desktop,mid,51.27,130.0,3.0,4.0,2.31,3.08,Hidden Gem - Promote Higher
October,3900694,ariston,appliances,environment,mid,89.34,130.0,5.0,4.0,3.85,3.08,Hidden Gem - Promote Higher
October,30000058,unknown,construction,tools,mid,180.59,98.0,4.0,3.0,4.08,3.06,Hidden Gem - Promote Higher
October,12720466,comforser,unknown,unknown,budget,46.98,98.0,0.0,3.0,0.0,3.06,Hidden Gem - Promote Higher
October,7900871,peg-perego,furniture,kitchen,mid,152.63,98.0,0.0,3.0,0.0,3.06,Hidden Gem - Promote Higher
October,3101045,redmond,appliances,kitchen,mid,109.74,98.0,1.0,3.0,1.02,3.06,Hidden Gem - Promote Higher
October,26200165,lucente,unknown,unknown,premium,242.49,98.0,0.0,3.0,0.0,3.06,Hidden Gem - Promote Higher
October,1201343,lenovo,electronics,tablet,mid,191.63,164.0,5.0,5.0,3.05,3.05,Hidden Gem - Promote Higher
October,6200717,oasis,appliances,environment,budget,9.02,131.0,0.0,4.0,0.0,3.05,Hidden Gem - Promote Higher
October,2702472,midea,appliances,kitchen,mid,129.94,198.0,1.0,6.0,0.51,3.03,Hidden Gem - Promote Higher
October,16400017,peterhof,unknown,unknown,mid,70.76,198.0,0.0,6.0,0.0,3.03,Hidden Gem - Promote Higher
October,9200607,defender,computers,peripherals,budget,9.24,165.0,0.0,5.0,0.0,3.03,Hidden Gem - Promote Higher
October,18300021,portcase,accessories,bag,budget,8.8,165.0,7.0,5.0,4.24,3.03,Hidden Gem - Promote Higher
October,12706092,nokian,unknown,unknown,mid,77.6,132.0,5.0,4.0,3.79,3.03,Hidden Gem - Promote Higher
October,12711984,triangle,unknown,unknown,budget,40.64,99.0,1.0,3.0,1.01,3.03,Hidden Gem - Promote Higher
October,3800021,braun,appliances,iron,mid,83.42,99.0,1.0,3.0,1.01,3.03,Hidden Gem - Promote Higher
October,12705612,roadstone,unknown,unknown,mid,54.06,199.0,0.0,6.0,0.0,3.02,Hidden Gem - Promote Higher
October,6801076,apacer,computers,components,budget,34.89,133.0,0.0,4.0,0.0,3.01,Hidden Gem - Promote Higher
October,4803653,harper,electronics,audio,budget,38.33,133.0,1.0,4.0,0.75,3.01,Hidden Gem - Promote Higher
October,12705188,unknown,unknown,unknown,budget,43.15,133.0,0.0,4.0,0.0,3.01,Hidden Gem - Promote Higher
October,26600077,lucente,unknown,unknown,budget,48.38,133.0,0.0,4.0,0.0,3.01,Hidden Gem - Promote Higher
October,12300449,dewalt,construction,tools,premium,488.35,133.0,1.0,4.0,0.75,3.01,Hidden Gem - Promote Higher
October,1307545,lenovo,computers,notebook,premium,250.8,133.0,0.0,4.0,0.0,3.01,Hidden Gem - Promote Higher
October,8500137,navien,unknown,unknown,luxury,523.42,200.0,8.0,6.0,4.0,3.0,Hidden Gem - Promote Higher
October,11400388,hoco,unknown,unknown,budget,27.0,100.0,3.0,3.0,3.0,3.0,Hidden Gem - Promote Higher
October,34200290,toro,unknown,unknown,budget,11.56,100.0,2.0,3.0,2.0,3.0,Hidden Gem - Promote Higher
October,15200136,racer,unknown,unknown,mid,66.44,100.0,0.0,3.0,0.0,3.0,Hidden Gem - Promote Higher
